City,Country,Code,Continent
(Mali) Losinj - Losinj Arpt,Croatia (Hrvatska),LSZ,Eastern Europe
Aarhus,Denmark,AAR,Europe
Abadan,Iran,ABD,Middle East
Abeche,Chad,AEH,Africa
Aberdeen,United Kingdom,ABZ,Europe
"Aberdeen, SD",USA,ABR,North America
Abidjan,Ivory Coast,ABJ,Africa
"Abilene, TX",USA,ABI,North America
Abu Dhabi,United Arab Emirates,AUH,Middle East
Abu Rudeis,Egypt,AUE,Africa
Abu Simbel,Egypt,ABS,Africa
Abuja,Nigeria,ABV,Africa
Abuja International,Nigeria,ABV,Africa
Acapulco,Mexico,ACA,North America
Accra,Ghana,ACC,Africa
Adana,Turkey,ADA,Middle East
Addis Ababa,Ethiopia,ADD,Africa
Adélaïde,Australia,ADL,South Pacific
Adelaide,Australia,ADL,South Pacific
Aden,Yemen,ADE,Middle East
Adler/Sochi,Russia,AER,Eastern Europe
Sochi,Russia,AER,Eastern Europe
Agades,Niger,AJY,Africa
Agadir,Morocco,AGA,Africa
Agana,Guam,SUM,South Pacific
Aggeneys,South Africa,AGZ,Africa
Aguadilla,Puerto Rico,BQN,Caribbean
Aguascaliente,Mexico,AGU,North America
Ahmedabad,India,AMD,Asia
Ajaccio,France,AJA,Europe
Akita,Japan,AXT,Asia
"Akron, OH",USA,CAK,North America
Akrotiri - RAF,Cyprus,AKT,Europe
Aktyubinsk,Kazakhstan,ADX,Asia
Al Ain,United Arab Emirates,AAN,Middle East
Al Arish,Egypt,AAC,Africa
Al Arish,Egypt,AAC,Africa
Al Hoceima,Morocco,AHU,Africa
Al Maktoum,Jebel Ali,DWC,Middle East
Gazipasa,Turkey,GZP,Middle East
Alanya,Turkey,GZP,Middle East
Albany,Australia,ALH,South Pacific
"Albany, GA",USA,ABY,North America
"Albany, NY",USA,ALB,North America
Albi,France,LBI,Europe
Alborg,Denmark,AAL,Europe
"Albuquerque, NM",USA,ABQ,North America
Albury,Australia,ABX,South Pacific
Aleppo,Syria,ALP,Middle East
Alesund,Norway,AES,Europe
Alexander Bay,South Africa,ALJ,Africa
"Alexandria, El Nhouza Airport",Egypt,ALY,Africa
Alexandria,USA,AEX,North America
"Alexandria, La",USA,ESF,North America
Alfujairah (Fujairah),United Arab Emirates,FJR,Middle East
Alghero Sassari,Italy,AHO,Europe
Algiers,Algeria,ALG,Africa
Alicante,Spain,ALC,Europe
Alice Springs,Australia,ASP,South Pacific
Alldays,South Africa,ADY,Africa
"Allentown, PA",USA,ABE,North America
Almaty,Kazakhstan,ALA,Asia
Kazakhstan,Kazakhstan,ALA,Asia
Alma Ata,Kazakhstan,ALA,Asia
Almeria,Spain,LEI,Europe
Alta,Norway,ALF,Europe
Altenrhein,Switzerland,ACH,Europe
"Altoona, PA",USA,AOO,North America
Amami,Japan,ASJ,Asia
"Amarillo, TX",USA,AMA,North America
"Amman, Civil - Marka Airport",Jordan,ADJ,Middle East
Amman,Jordan,AMM,Middle East
Jordan,Jordan,AMM,Middle East
"Amman, Queen Alia Intl",Jordan,AMM,Middle East
Amritsar,India,ATQ,Asia
Amsterdam,Netherlands,AMS,Europe
"Amsterdam, Schiphol",Netherlands,AMS,Europe
Anand,India,QNB,Asia
"Anchorage, AK",USA,ANC,North America
Ancona,Italy,AOI,Europe
Andorra La Vella H/P,Andorra,ALV,Europe
Anguilla,Anguilla,AXA,Carribbean
Anjouan,Comoros (Comores),AJN,Africa
Ankara-Etimesgut Airport,Turkey,ANK,Middle East
Ankara,Turkey,ESB,Middle East
Ankara Int'l,Turkey,ESB,Middle East
"Ann Arbor, MI",USA,ARB,North America
Annaba,Algeria,AAE,Africa
Annecy,France,NCY,Europe
"Anniston, AL",USA,ANB,North America
Antaya,Turkey,AYT,Middle East
Antalia,Turkey,AYT,Middle East
Antalya,Turkey,AYT,Middle East
Antananarivo,Madagascar,TNR,Africa
Antanarivo,Madagascar,TNR,Africa
Antananarivo (Tanannarive),Madagascar,TNR,Africa
Antigua,Antigua,ANU,Carribbean
Antwerp,Belgium,ANR,Europe
Aomori,Japan,AOJ,Asia
Apia,Samoa,APW,South Pacific
"Appelton/Neenah/Menasha, WI",USA,ATW,North America
Aqaba,Jordan,AQJ,Middle East
Aracaju,Brazil,AJU,South America
Araxos,Greece,GPA,Europe
Arkhangelsk,Russian Federation,ARH,Eastern Europe
Arlit,Niger,RLT,Africa
Armenia,Colombia,AXS,South America
Arrecife/Lanzarote,Spain,ACE,Europe
Aruba,Aruba,AUA,Carribbean
Arusha,Tanzania,ARK,Africa
"Asheville, NC",USA,AVL,North America
"Ashgabat, Ashkhabat",Turkmenistan,ASB,Middle East
"Aspen Snowmass, CO",USA,ASE,North America
Assiut,Egypt,ATZ,Africa
Astana,Kazakstan,TSE,Asia
Asuncion,Paraguay,ASU,South America
"Aswan, Daraw Airport",Egypt,ASW,Africa
Atina,Greece,ATH,Europe
Athens,Greece,ATH,Europe
"Athens, GA",USA,AHN,North America
"Athens, Hellinikon Airport",Greece,HEW,Europe
"Athens, OH",USA,ATO,North America
Atlanta,USA,ATL,North America
"Atlanta, Hartsfield Atlanta Int'l Airport",USA,ATL,North America
"Atlantic City, NJ",USA,ACY,North America
"Attawapiskat, NT",Canada,YAT,North America
Atyrau,Kazakhstan,GUW,Eastern Europe
Aucklqnd,New Zealand,AKL,South Pacific
Auckland,New Zealand,AKL,South Pacific
Augsburg,Germany,AGB,Europe
"Augusta, GA",USA,AGS,North America
"Augusta, ME",USA,AUG,North America
Aurillac,France,AUR,Europe
Austin,USA,AUS,North America
"Austin, TX",USA,AUS,North America
Ayers Rock,Australia,AYQ,South Pacific
Ayr,Australia,AYR,South Pacific
Badajoz,Spain,BJZ,Europe
Baghdad,Iraq,BGW,Middle East
"Bagdad, Al Muthana",Iraq,BGW,Middle East
"Bagdad, Saddam International",Iraq,SDA,Middle East
Bagdogra,India,IXB,Asia
Bahawalpur,Pakistan,BHV,Middle East
Bahrain,Bahrain,BAH,Middle East
"Bakersfield, CA",USA,BFL,North America
Baku,Azerbaijan,BAK,Eastern Europe
Balkhash,Kazakhstan,BXH,Eastern Europe
Ballina,Australia,BNK,South Pacific
Baltimore Washington Int'l Airport; MD,USA,BWI,North America
Bamaga,Australia,ABM,South Pacific
Bamako,Mali,BKO,Africa
Bambari,Central African Republic,BBY,Africa
Bandar Seri Begawan,Brunei,BWN,Southeast Asia
Begaluru,India,BLR,Asia
Bangalore,India,BLR,Asia
Kempegowda Bengaluru,India,BLR,Asia
Bengaluru,India,BLR,Asia
Bangassou,Central African Republic,BGU,Africa
Thailand,Thailand,BKK,Southeast Asia
Bangkok Suvarnabhuni,Thailand,BKK,Southeast Asia
"Bangkok,",Thailand,BKK,Southeast Asia
Bangkok,Thailand,BKK,Southeast Asia
"Bangor, ME",USA,BGR,North America
Bangui,Central African Republic,BGF,Africa
Banjul,Gambia,BJL,Africa
Bannu,Pakistan,BNP,Middle East
Barcelona,Spain,BCN,Europe
Barcelona,Venezuela,BLA,South America
Bardufoss,Norway,BDU,Europe
Bari,Italy,BRI,Europe
Barisal,Bangladesh,BZL,Asia
Baronda,India,BDQ,Asia
Barranquilla,Colombia,BAQ,South America
Basel,Switzerland,BSL,Europe
Basel-Mulhouse,Switzerland/France,EAP,Europe
Basel/Mulhouse,Switzerland/France,EAP,Europe
Basra,Iraq,BSR,Middle East
"Basra, Basrah",Iraq,BSR,Middle East
Bastia,France,BIA,Europe
"Baton Rouge, La",USA,BTR,North America
Batumi,Georgia,BUS,Eastern Europe
Bayreuth,Germany,BYU,Europe
"Beaumont/Pt. Arthur, TX",USA,BPT,North America
"Beckley, WV",USA,BKW,North America
Beef Island,"Virgin Islands, British",EIS,Caribbean
Beijing,China,PEK,Asia
Beijing - Nanyuan Airport,China,NAY,Asia
Beira,Mozambique,BEW,Africa
Beirut,Lebanon,BEY,Middle East
Belem,Brazil,BEL,South America
Belfast - Harbour,United Kingdom,BHD,Europe
Belfast International,United Kingdom,BFS,Europe
Belgaum,India,IXG,Asia
Belgrade,Yugoslavia,BEG,Eastern Europe
Belgrad (Beograd),Yugoslavia,BEG,Eastern Europe
Belize City,Belize,BZE,Central America
"Bellingham, WA",USA,BLI,North America
Belo Horizonte,Brazil,CNF,South America
"Bemidji, MN",USA,BJI,North America
Bengasi,Libya,BEN,Africa
Bengueka,Angola,BUG,Africa
"Benton Harbour, MI",USA,BEH,North America
Berberati,Central African Republic,BBT,Africa
Bergamo,Italy,BGY,Europe
Bergen,Norway,BGO,Europe
Berlin-Bradenburg,Germany,BER,Europe
Berlin,Germany,BER,Europe
Berlin TXL,Germany,SXF,Europe
Berlin Tegel,Germany,SXF,Europe
"Berlin, Schoenefeld",Germany,SXF,Europe
"Berlin, Tegel",Germany,TXL,Europe
Bermuda,Bermuda,BDA,Carribbean
Bern,Switzerland,BRN,Europe
Bern,Switzerland,ZDJ,Europe
"Bethel, AK",USA,BET,North America
Bhopal,India,BHO,Asia
Bhubaneswar,India,BBI,Asia
Biarritz,France,BIQ,Europe
Bilbao,Spain,BIO,Europe
"Billings, MT",USA,BIL,North America
Billund,Denmark,BLL,Europe
Bintulu,Malaysia,BTU,Southeast Asia
Biraro,Central African Republic,IRO,Africa
Birmingham UK,United Kingdom,BHX,Europe
Birmimgham,United Kingdom,BHX,Europe
Birmingham,United Kingdom,BHX,Europe
"Birmingham, AL",USA,BHM,North America
"Bismarck/Mandan, ND",USA,BIS,North America
Bissau,Guinea Bissau,BXO,South America
Blackwater,Australia,BLT,South Pacific
Blantyre,Malawi,BLZ,Africa
Blenheim,New Zealand,BHE,South Pacific
Bloemfontein,South Africa,BFN,Africa
"Bloomington, IL",USA,BMI,North America
"Bloomington, IN",USA,BMG,North America
"Bluefield, WV",USA,BLF,North America
Boa Vista,Brazil,BVB,South America
Bobo/Dioulasso,Burkina Faso,BOY,Africa
Bodo,Norway,BOO,Europe
Bodrum,Turkey,BJV,Middle East
Bogotá,Colombia,BOG,South America
Bogota,Colombia,BOG,South America
"Boise, ID",USA,BOI,North America
Bologna,Italy,BLQ,Europe
Mumbai,India,BOM,Asia
Bombay,India,BOM,Asia
Bonaire,Netherlands Antilles,BON,Caribbean
"Bonaventure, PQ",Canada,YVB,North America
Bora Bora,French Polynesia,BOB,South Pacific
Bordeaux,France,BOD,Europe
Borg El Arab Airport,Egypt,HBH,Africa
"Borrego Springs, CA",USA,BXS,North America
Bostobn,USA,BOS,North America
Boston,USA,BOS,North America
"Boston - Logan, MA",USA,BOS,North America
Bouake,Ivory Coast,BYK,Africa
Bourgas/Burgas,Bulgaria,BOJ,Eastern Europe
Bowen,Australia,ZBO,South Pacific
"Bozeman, MT",USA,BZN,North America
"Bradford/Warren, PA/Olean, NY",USA,BFD,North America
"Brainerd, MN",USA,BRD,North America
Brampton Island,Australia,BMP,South Pacific
Brasilia,Brazil,BSB,South America
Bratislava,Slovakia,BTS,Eastern Europe
Brazzaville,Congo,BZV,Africa
Bremen,Germany,BRE,Europe
"Brescia, Montichiari",Italy,VBS,Europe
Brest,France,BES,Europe
Bria,Central African Republic,BIV,Africa
"Bridgeport, CT",USA,BDR,North America
"Bridgetown, Grantley Adams Int'l",Barbados,BGI,Carribbean
Brindisi,Italy,BDS,Europe
Brisibane,Australia,BNE,South Pacific
Brisbane,Australia,BNE,South Pacific
Bristol,United Kingdom,BRS,Europe
Broennoeysund,Norway,BNN,Europe
Broken Hill,Australia,BHQ,South Pacific
"Brookings, SD",USA,BKX,North America
Broome,Australia,BME,South Pacific
"Brunswick, GA",USA,BQK,North America
Bruxelles,Belgium,BRU,Europe
Brussels,Belgium,BRU,Europe
Bucaramanga,Colombia,BGA,South America
Bucharest,Romania,BUH,Eastern Europe
"Bucharest, Otopeni",Romania,OTP,Eastern Europe
Budapest,Hungary,BUD,Eastern Europe
"Budapest, Ferihegy",Hungary,BUD,Eastern Europe
Buenos Aires,Argentina,BUE,South America
"Buenos Aires, Ezeiza Int'l Airport",Argentina,EZE,South America
"Buenos Aires, Jorge Newbery",Argentina,AEP,South America
Buffalo Range,Zimbabwe,BFO,Africa
"Buffalo/Niagara Falls, NY",USA,BUF,North America
Bujumbura,Burundi,BJM,Southeast Asia
Bulawayo,Zimbabwe,BUQ,Africa
"Bullhead City, NV",USA,BHC,North America
Bundaberg,Australia,BDB,South Pacific
"Burbank, CA",USA,BUR,North America
"Burlington, IA",USA,BRL,North America
"Burlington, VT",USA,BTV,North America
Burnie (Wynyard),Australia,BWT,South Pacific
"Butte, MT",USA,BTM,North America
Cabinda,Angola,CAB,Africa
Cagliari,Italy,CAG,Europe
Cairns,Australia,CNS,South Pacific
Cairo,Egypt,CAI,Africa
Cairo Int'l,Egypt,CAI,Africa
Calcutta (Kolkata) - Netaji Subhas Chandra,India,CCU,Asia
Calgary,Canada,YYC,North America
Calgary/Banff,Canada,YYC,North America
Cali,Colombia,CLO,South America
Kozhikode,India,CCJ,Asia
Kozikhode,India,CCJ,Asia
Calicut,India,CCJ,Asia
Calvi,France,CLY,Europe
Cambridge Bay,Canada,YCB,North America
Cambrigde,United Kingdom,CBG,Europe
Campo Grande,Brazil,CGR,South America
Canberra,Australia,CBR,South Pacific
Cancún,Mexico,CUN,North America
Cancun,Mexico,CUN,North America
Cape town,South Africa,CPT,Africa
Cape Town,South Africa,CPT,Africa
Caracas,Venezuela,CCS,South America
Cardiff,United Kingdom,CWL,Europe
"Carlsbad, CA",USA,CLD,North America
Carnarvon,Australia,CVQ,South Pacific
Carnot,Central African Republic,CRF,Africa
Casa de Campo/La Romana,Dominican Republic,LRM,Caribbean
Casablanca,Morocco,CAS,Africa
"Casablanca, Mohamed V",Morocco,CMN,Africa
Casino,Australia,CSI,South Pacific
"Casper, WY",USA,CPR,North America
Catagena,Colombia,CTG,South America
Catania,Italy,CTA,Europe
Cayenne,French Guayana,CAY,South America
Cebu,Philippines,CBU,Southeast Asia
"Cedar City, UT",USA,CDC,North America
"Cedar Rapids, IA",USA,CID,North America
Ceduna,Australia,CED,South Pacific
Cessnock,Australia,CES,South Pacific
Chabarovsk (Khabarovsk),Russia,KHV,Eastern Europe
Chambery,France,CMF,Europe
"Champaign, IL",USA,CMI,North America
Chandigarh,India,IXC,Asia
Changchun,"Jilin, China",CGQ,Asia
Chania,Greece,CHQ,Europe
"Charleston, SC",USA,CHS,North America
"Charleston, WV",USA,CRW,North America
"Charlotte, NC",USA,CLT,North America
"Charlottesville, VA",USA,CHO,North America
Charters Towers,Australia,CXT,South Pacific
"Chattanooga, TN",USA,CHA,North America
Chengdu,"Sichuan, China",CTU,Asia
Chenna,India,MAA,Asia
Chennai,India,MAA,Asia
Chennai return,India,MAA,Asia
Chennai (Madras),India,MAA,Asia
"Cheyenne, WY",USA,CYS,North America
Chiang Mai,Thailand,CNX,Southeast Asia
Chiba City,Japan,QCB,Asia
Chicago O'Hare (ORD),USA,ORD,North America
Chicago,USA,ORD,North America
Chicago O'Hare,USA,ORD,North America
"Chicago O'Hare Int'l Airport, IL",USA,ORD,North America
"Chicago, IL",USA,CHI,North America
"Chicago, Midway, IL",USA,MDW,North America
Chichen Itza,Mexico,CZA,North America
"Chico, CA",USA,CIC,North America
"Chihuahua, Gen Fierro Villalobos",Mexico,CUU,North America
Chios,Greece,JKH,Europe
Chipata,Zambia,CIP,Africa
Chisinau,Moldova,RMO,Eastern Europe
Chișinău,Moldova,RMO,Eastern Europe
Chita (Tschita),Russia,HTA,Eastern Europe
Chitose,Japan,CTS,Asia
Chitral,Pakistan,CJL,Middle East
Chittagong,Bangladesh,CGP,Asia
Chongqing,"Sichuan, China",CKG,Asia
Christchurch,New Zealand,CHC,South Pacific
Christmas Line,Iceland,CXI,Europe
Chub Cay,Bahamas,CCZ,Carribbean
Churchill,Canada,YYQ,North America
Cienfuegos,Canada,CFG,North America
"Cincinnati, OH",USA,CVG,North America
Ciudad Del Carmen,Mexico,CME,North America
Ciudad Juarez,Mexico,CJS,North America
Ciudad Obregon,Mexico,CEN,North America
Ciudad Victoria,Mexico,CVM,North America
Clark,Phillippines,CRK,Southeast Asia
"Clarksburg, WV",USA,CKB,North America
Clermont,Australia,CMQ,South Pacific
Clermont Ferrand,France,CFE,Europe
"Cleveland, Burke Lakefront, OH",USA,BKL,North America
"Cleveland, Hopkins, OH",USA,CLE,North America
Cluj,Romania,CLJ,Eastern Europe
Cluj napoca,Romania,CLJ,Eastern Europe
Cluj-Napoca,Romania,CLJ,Eastern Europe
"Cluj,Romania",Romania,CLJ,Eastern Europe
Cochabamba,Bolivia,CBB,South America
Cochi,India,COK,Asia
Cochin,India,COK,Asia
"Cody/Powell/Yellowstone, WY",USA,COD,North America
"Coffmann Cove, AK",USA,KCC,North America
Coffs Harbour,Australia,CFS,South Pacific
Coimbatore,India,CJB,Asia
Colima,Mexico,CLQ,North America
"College Station/Bryan, TX",USA,CLL,North America
Collinsville,Australia,KCE,South Pacific
Cologne,Germany,CGN,Europe
Cologne (Koeln)/Bonn,Germany,CGN,Europe
"Colombo, Sri Lanka",Sri Lanka,CMB,Asia
Colombo,Sri Lanka,CMB,Asia
"Colorado Springs, CO",USA,COS,North America
"Columbia, SC",USA,CAE,North America
"Columbus, GA",USA,CSG,North America
"Columbus, OH",USA,CMH,North America
Conakry,Guinea,CKY,South America
"Concord, CA",USA,CCR,North America
Constantine,Algeria,CZL,Africa
Constanta,Romania,CND,Eastern Europe
Constanza,Romania,CND,Eastern Europe
Coober Pedy,Australia,CPD,South Pacific
Cooktown,Australia,CTN,South Pacific
Cooma,Australia,OOM,South Pacific
Copenhagen,Denmark,CPH,Europe
Cordoba,Spain,ODB,Europe
Cordoba,Argentina,COR,South America
"Cordova, AK",USA,CDV,North America
Corfu,Greece,CFU,Europe
Cork,Ireland,ORK,Europe
"Corpus Christi, TX",USA,CRP,North America
Cotonou,Benin,COO,Africa
Cozmel,Mexico,CZM,North America
"Craig, AK",USA,CGA,North America
"Crescent City, CA",USA,CEC,North America
Cuiaba,Brazil,CGB,South America
Culiacan,Mexico,CUL,North America
Curacao,Netherlands Antilles,CUR,Caribbean
Curitiba,Brazil,CWB,South America
Da Nang,Vietnam,DAD,Southeast Asia
Senegal,Senegal,DKR,Africa
Dakar,Senegal,DKR,Africa
Dalaman,Turkey,DLM,Middle East
Dalby,Australia,DBY,South Pacific
Dalian,"Liaoning, China",DLC,Asia
Dallas,USA,DAL,North America
"Dallas, Love Field, TX",USA,DAL,North America
Dallas Fort-Worth,USA,DFW,North America
Dallas	Fort-Worth,USA,DFW,North America
Dallas Fort Worth,USA,DFW,North America
Dallas Ft Worth,USA,DFW,North America
"Dallas/Ft. Worth, TX",USA,DFW,North America
Daloa,Ivory Coast,DJO,Africa
"Damascus, International",Syria,DAM,Middle East
Dammam,Saudi Arabien,DMM,Middle East
"Dammam, King Fahad Int'l",Saudi Arabien,DMM,Middle East
Danang,Vietnam,DAD,Southeast Asia
"Danville, VA",USA,DAN,North America
Dar es salaam,Tanzania,DAR,Africa
Dar Es Salaam,Tanzania,DAR,Africa
Dar es Salaam,Tanzania,DAR,Africa
Dar es Salam (Daressalam),Tanzania,DAR,Africa
Darwin,Australia,DRW,South Pacific
Daydream Island,Australia,DDI,South Pacific
"Dayton, OH",USA,DAY,North America
"Daytona Beach, FL",USA,DAB,North America
"Decatur, IL",USA,DEC,North America
Deer Lake/Corner Brook,Canada,YDF,North America
New Dehli,India,DEL,Asia
"New Dehli",India,DEL,Asia
Delhi,India,DEL,Asia
New Delhi,India,DEL,Asia
"Delhi, Indira Gandhi",India,DEL,Asia
Den Haag (The Hague),Netherlands,HAG,Europe
Denpasar Bali,Indonesia,DPS,Southeast Asia
Denpasar/Bali,Indonesia,DPS,Southeast Asia
Denizli,Turkey,DNZ,Middle East
Bali,Indonesia,DPS,Southeast Asia
Bali Denpasar,Indonesia,DPS,Southeast Asia
Davao,Phillippines,DVO,Southeast Asia
Denpasar,Indonesia,DPS,Southeast Asia
Denver,USA,DEN,North America
"Denver International Airport, CO",USA,DEN,North America
Dera Ismail Khan,Pakistan,DSK,Middle East
Derby,Australia,DRB,South Pacific
Derby (East Midlands),United Kingdom,EMA,Europe
Derry (Londonderry),United Kingdom,LDY,Europe
"Des Moines, IA",USA,DSM,North America
Detroit,USA,DET,North America
"Detroit City, MI",USA,DET,North America
"Detroit Metropolitan Area, MI",USA,DTT,North America
"Detroit Metropolitan Wayne County Airport, MI",USA,DTW,North America
"Devils Lake, ND",USA,DVL,North America
Devonport,Australia,DPO,South Pacific
Dhahran,Saudi Arabia,DHA,Middle East
Dhaka,Bangladesh,DAC,Asia
"Dillingham, AK",USA,DLG,North America
Dinard,France,DNR,Europe
Djerba,Tunisia,DJE,Africa
Djibouti,Djibouti,JIB,Africa
Hamad,Qatar,DOH,Middle East
Diha,Qatar,DOH,Middle East
Doha,Qatar,DOH,Middle East
Dongguan,"Guangdong, China",DGM,Asia
Dortmund,Germany,DTM,Europe
"Dothan, AL",USA,DHN,North America
Cameroon,Cameroon,DLA,Southeast Asia
Douala,Cameroon,DLA,Southeast Asia
Dresden,Germany,DRS,Europe
Dubia,United Arab Emirates,DXB,Middle East
Dubai,United Arab Emirates,DXB,Middle East
Dubbo,Australia,DBO,South Pacific
Dublin,Ireland,DUB,Europe
"Dubois, PA",USA,DUJ,North America
Dubrovnik,Croatia (Hrvatska),DBV,Eastern Europe
"Dubuque, IA",USA,DBQ,North America
Duesseldorf,Germany,DUS,Europe
"Duluth, MN/Superior, WI",USA,DLH,North America
Dunedin,New Zealand,DUD,South Pacific
Dunk Iceland,Australia,DKI,South Pacific
"Durango, CO",USA,DRO,North America
Durban,South Africa,DUR,Africa
Dushanbe,Tadschikistan,DYU,Asia
Dushanbe (Duschanbe),Tadschikistan,DYU,Asia
Dusseldorf,Germany,DUS,Europe
Düsseldorf,Germany,DUS,Europe
"Dutch Harbor, AK",USA,DUT,North America
Dysart,Australia,DYA,South Pacific
Dzaoudzi,Mayotte,DZA,Africa
East London,South Africa,ELS,Africa
Easter Island,Chile,IPC,South America
"Eau Clarie, WI",USA,EAU,North America
Edinburgh,United Kingdom,EDI,Europe
Edmonton,Canada,YEA,North America
"Edmonton, International",Canada,YEG,North America
"Edmonton, Municipal",Canada,YXD,North America
Egilsstadir,Iceland,EGS,Europe
Eindhoven,Netherlands,EIN,Europe
El Minya,Egypt,EMY,Africa
"El Paso, TX",USA,ELP,North America
Elat,Israel,ETH,Middle East
"Elat, Ovula",Israel,VDA,Middle East
Elazig,Turkey,EZS,Middle East
"Elkhart, IN",USA,EKI,North America
"Elko, NV",USA,EKO,North America
Ellisras,South Africa,ELL,Africa
"Elmira, NY",USA,ELM,North America
"Ely, NV",USA,ELY,North America
Emerald,Australia,EDR,South Pacific
Emerald,Australia,EMD,South Pacific
Enontekioe,Finland,ENF,Europe
Entebbe,Uganda,EBB,Africa
Erbil,Iraq,BSR,Middle East
Ercan,
Erfurt,Germany,ERF,Europe
"Erie, PA",USA,ERI,North America
Zvartnots,Armenia,EVN,Eastern Europe
Yerevan,Armenia,EVN,Eastern Europe
"Eriwan (Yerevan, Jerevan)",Armenia,EVN,Eastern Europe
Esbjerg,Denmark,EBJ,Europe
"Escabana, MI",USA,ESC,North America
Esperance,Australia,EPR,South Pacific
"Eugene, OR",USA,EUG,North America
"Eureka, CA",USA,ACV,North America
"Evansville, IN",USA,EVV,North America
Evenes,Norway,EVE,Europe
"Fairbanks, AK",USA,FAI,North America
Faisalabad,Pakistan,LYP,Middle East
"Fargo, ND, MN",USA,FAR,North America
"Farmington, NM",USA,FMN,North America
Faro,Portugal,FAO,Europe
Faroer,Denmark,FAE,Europe
"Fayetteville, AR",USA,FYV,North America
"Fayetteville/Ft. Bragg, NC",USA,FAY,North America
Fes,Morocco,FEZ,Africa
Figari,France,FSC,Europe
"Flagstaff, AZ",USA,FLG,North America
Flin Flon,Canada,YFO,North America
"Flint, MI",USA,FNT,North America
Firenze,Italy,FLR,Europe
Florence,Italy,FLR,Europe
"Florence, SC",USA,FLO,North America
Florianopolis,Brazil,FLN,South America
Floro,Norway,FRO,Europe
Fort Albert,Canada,YFA,North America
Fort de France,Martinique,FDF,Caribbean
"Fort Dodge, IA",USA,FOD,North America
"Fort Huachuca/Sierra Vista, AZ",USA,FHU,North America
Ft Lauderdale,USA,FLL,North America
Fort Lauderdale,USA,FLL,North America
"Fort Lauderdale/Hollywood, FL",USA,FLL,North America
Fort McMurray,Canada,YMM,North America
"Fort Myers, Metropolitan Area, FL",USA,FMY,North America
"Fort Myers, Southwest Florida Reg, FL",USA,RSW,North America
Fort Smith,Canada,YSM,North America
"Fort Smith, AR",USA,FSM,North America
Fort St. John,Canada,YXJ,North America
"Fort Walton Beach, FL",USA,VPS,North America
"Fort Wayne, IN",USA,FWA,North America
Fortaleza,Brazil,FOR,South America
Francistown,Botswana,FRW,Africa
Frankfurt/Hahn,Germany,HNN,Europe
Frankfurt,Germany,FRA,Europe
Franfurt,Germany,FRA,Europe
Frankfurt/Main Int'l Airport,Germany,FRA,Europe
"Franklin/Oil City, PA",USA,FKL,North America
Fredericton,Canada,YFC,North America
Freeport,Bahamas,FPO,Carribbean
Freetown,Sierra Leone,FNA,Africa
Frejus,France,FRJ,Europe
"Fresno, CA",USA,FAT,North America
Friedrichshafen,Germany,FDH,Europe
Fuerteventura,Spain,FUE,Europe
"Fujairah, Int'l Airport",United Arab Emirates,FJR,Middle East
Fukuoka,Japan,FUK,Asia
"Fukushima-shi, Fukushima Airport",Japan,FKS,Asia
Funchal,Portugal,FNC,Europe
Futuna,Wallis and Futuna Islands,FUT,South Pacific
Gaborone,Botswana,GBE,Africa
"Gadsden, AL",USA,GAD,North America
"Gainesville, FL",USA,GNV,North America
Galway,Ireland,GWY,Europe
Gander,Canada,YQX,North America
Garoua,Cameroon,GOU,Southeast Asia
Gdansk,Poland,GDN,Europe
Geelong,Australia,GEX,South Pacific
Geneve,Switzerland,GVA,Europe
Geneva,Switzerland,GVA,Europe
Genoa,Italy,GOA,Europe
George,South Africa,GRJ,Africa
Georgetown,Guyana,GEO,South America
Geraldton,Australia,GET,South Pacific
Gerona,Spain,GRO,Europe
Gibraltar,Gibraltar,GIB,Europe
"Gilette, WY",USA,GCC,North America
Gilgit,Pakistan,GIL,Middle East
Gillam,Canada,YGX,North America
Gladstone,Australia,GLT,South Pacific
Glasgow,United Kingdom,GLA,Europe
"Glasgow, MT",USA,GGW,North America
"Glasgow, Prestwick",United Kingdom,PIK,Europe
"Glendive, MT",USA,GDV,North America
Goa,India,GOI,Asia
Goiania,Brazil,GYN,South America
Gold Coast,Australia,OOL,South Pacific
Goondiwindi,Australia,GOO,South Pacific
Goose Bay,Canada,YYR,North America
Gorna,Bulgaria,GOZ,Eastern Europe
Gothenburg,Sweden,GOT,Europe
Goteborg,Sweden,GOT,Europe
Gove (Nhulunbuy),Australia,GOV,South Pacific
Govenors Harbour,Bahamas,GHB,Carribbean
Granada,Spain,GRX,Europe
Grand Bahama,Bahamas,GBI,Carribbean
"Grand Canyon, AZ",USA,GCN,North America
Grand Cayman,Cayman Islands,GCM,Carribbean
"Grand Forks, ND",USA,GFK,North America
"Grand Junction, CO",USA,GJT,North America
"Grand Rapids, MI",USA,GRR,North America
"Grand Rapids, MN",USA,GPZ,North America
Graz,Austria,GRZ,Europe
"Great Falls, MT",USA,GTF,North America
Great Keppel Island,Australia,GKL,South Pacific
"Green Bay, WI",USA,GRB,North America
"Greenbrier/Lewisburg, WV",USA,LWB,North America
"Greensboro/Winston Salem, NC",USA,GSO,North America
"Greenville, MS",USA,GLH,North America
"Greenville, NC",USA,PGV,North America
"Greenville/Spartanburg, SC",USA,GSP,North America
Grenada,Grenada,GND,South Pacific
Grenoble,France,GNB,Europe
Griffith,Australia,GFF,South Pacific
Groote Eyeland,Australia,GTE,South Pacific
Groote Eylandt,Australia,GTI,South Pacific
"Groton/New London, CT",USA,GON,North America
Guadalajara,Mexico,GDL,North America
Guadalcanal,Solomon Islands,GSI,South Pacific
Guam,Guam,GUM,South Pacific
Guangzhou (Canton) - Baiyun (White Cloud),"Guangdong, China",CAN,Asia
Guangzhou,"Guangdong, China",CAN,Asia
Sao Paulo GRU,Brazil,GRU,South America
São Paulo,Brazil,GRU,South America
Guarulhos Int'l - Sao Paulo,Brazil,GRU,South America
Guatemala City,Guatemala,GUA,Central America
Guayaquil,Ecuador,GYE,South America
Guernsey,United Kingdom,GCI,Europe
"Gulfport/Biloxi, MS",USA,GPT,North America
Gulu,Uganda,ULU,Africa
"Gunnison/Crested Butte, CO",USA,GUC,North America
Guwahati,India,GAU,Asia
Gwadar,Pakistan,GWD,Middle East
Gweru,Zimbabwe,GWE,Africa
Gympie,Australia,GYP,South Pacific
Hachijo Jima,Japan,HAC,Asia
Haifa,Israel,HFA,Middle East
Haikou,China,HAK,Asia
"Haines, AK",USA,HNS,North America
Hakodate,Japan,HKD,Asia
Halifax Int'l,Canada,YHZ,North America
Hall Beach,Canada,YUX,North America
Hamburg,Germany,HAM,Europe
Hamburg - Fuhlsbuettel,Germany,HAM,Europe
Hamilton,Canada,YHM,North America
Hamilton,Australia,HLT,South Pacific
Hamilton Island,Australia,HTI,South Pacific
Hammerfest,Norway,HFT,Europe
"Hancock, MI",USA,CMX,North America
Hangzhou,"Zhejiang, China",HGH,Asia
Hangchow (Hangzhou),"Zhejiang, China",HGH,Asia
Hanover,Germany,HAJ,Europe
Hannover,Germany,HAJ,Europe
Hanoi,Viet Nam,HAN,Southeast Asia
Hanoi - Noibai,Viet Nam,HAN,Southeast Asia
Harare,Zimbabwe,HRE,Africa
Harbin,"Heilongjiang, China",HRB,Asia
Harbin (Haerbin),"Heilongjiang, China",HRB,Asia
"Harlington/South Padre Island, TX",USA,HRL,North America
"Harrington Harbour, PQ",Canada,YHR,North America
"Harrisburg, PA - Harrisburg Int'l",USA,MDT,North America
"Harrisburg, PA - Harrisburg Skyport",USA,HAR,North America
"Hartford, CT/Springfield, MA",USA,BDL,North America
Hatay,Turkey,HTY,Middle East
Hatyai (Hat Yai),Thailand,HDY,Southeast Asia
Haugesund,Norway,HAU,Europe
Havana,Cuba,HAV,Caribbean
Havana - Jos� Mart� Int'l,Cuba,HAV,Caribbean
"Havre, MT",USA,HVR,North America
Hayman Island,Australia,HIS,South Pacific
"Helena, MT",USA,HLN,North America
Helsingborg,Sweden,JHE,Europe
Helsinki,Finland,HEL,Europe
Helsinki - Vantaa,Finland,HEL,Europe
Heraklion,Greece,HER,Europe
Hermosillo - Gen. Pesqueira Garcia,Mexico,HMO,North America
Hervey Bay,Australia,HVB,South Pacific
Heydar Aliyev,Azerbaijan,GYD,Eastern Europe
"Hibbing, MN",USA,HIB,North America
"Hickory, NC",USA,HKY,North America
"Hilo, HI",USA,ITO,North America
"Hilton Head Island, SC",USA,HHH,North America
Hinchinbrook Island,Australia,HNK,South Pacific
Hiroshima,Japan,HIJ,Asia
Hiroshima International,Japan,HIJ,Asia
Hi Chi Minh City,Viet Nam,SGN,Southeast Asia
Ho Chi Minh city,Viet Nam,SGN,Southeast Asia
Ho Chi Minh,Viet Nam,SGN,Southeast Asia
Ho chi Minh City,Viet Nam,SGN,Southeast Asia
Ho Chi Minh City,Viet Nam,SGN,Southeast Asia
Ho Chi Minh City (Saigon),Viet Nam,SGN,Southeast Asia
Saigon,Viet Nam,SGN,Southeast Asia
Hobart,Australia,HBA,South Pacific
Hof,Germany,HOQ,Europe
Holguin,Cuba,HOG,Caribbean
Home Hill,Australia,HMH,South Pacific
"Homer, AK",USA,HOM,North America
Hong Kong - Chek Lap Kok,Hong Kong,ZJK,Asia
Hong Hong,Hong Kong,HKG,Asia
Hong Kong,Hong Kong,HKG,Asia
Hong Kong - Int'l Airport (HKIA),Hong Kong,HKG,Asia
Honiara Henderson Int'l,Solomon Islands,HIR,South Pacific
Honolulu,USA,HNL,North America
"Honolulu, HI",USA,HNL,North America
"Hoonah, AK",USA,HNH,North America
Horta,Portugal,HOR,Europe
"Houston, Hobby, TX",USA,HOU,North America
Houston,USA,IAH,North America
"Houston, Intercontinental, TX",USA,IAH,North America
Huston,USA,IAH,North America
Huahine,French Polynesia,HUH,South Pacific
Huatulco,Mexico,HUX,North America
Hue - Phu Bai,Viet Nam,HUI,Southeast Asia
Humberside,United Kingdom,HUY,Europe
"Huntington, OH",USA,HTS,North America
"Huntsville, AL",USA,HSV,North America
Hurghada,Egypt,HRG,Africa
Hurghada Int'l,Egypt,HRG,Africa
"Huron, SD",USA,HON,North America
Hwange National Park,Zimbabwe,HWN,Africa
"Hyannis, MA",USA,HYA,North America
"Hydaburg, AK",USA,HYG,North America
Hyderabad - Pakistan,Pakistan,HDD,Middle East
Rajiv Gandhi,India,HYD,Asia
Ibiza,Ibiza/Spain,IBZ,Europe
"Idaho Falls, ID",USA,IDA,North America
"Iguazu, Cataratas",Argentina,IGR,South America
Ile des Pins,New Caledonia,ILP,South Pacific
Ile Ouen,New Caledonia,IOU,South Pacific
"Iliamna, AK",USA,ILI,North America
"Imperial, CA",USA,IPL,North America
Incercargill,New Zealand,IVC,South Pacific
"Incheon, Incheon Int'l Airport",Korea South,ICN,Asia
"Indianapolis, IN",USA,IND,North America
Ingham,Australia,IGH,South Pacific
Innisfail,Australia,IFL,South Pacific
Innsbruck - Kranebitten,Austria,INN,Europe
"International Falls, MN",USA,INL,North America
Inuvik,Canada,YEV,North America
Invercargill,New Zealand,IVC,South Pacific
Inverness,United Kingdom,INV,Europe
"Inykern, CA",USA,IYK,North America
Iqaluit (Frobisher Bay),Canada,YFB,North America
Iquitos,Peru,IQT,South America
Irkutsk,Russia,IKT,Eastern Europe
Ishigaki,Japan,LSG,Asia
Islamabad,Pakistan,ISB,Middle East
Islamabad - Islamabad Int'l,Pakistan,ISB,Middle East
Isle of Man,United Kingdom,IOM,Europe
Istanbul Sabiha,Turkey,SAW,Middle East
İstanbu,Turkey,IST,Middle East
istanbul,Turkey,IST,Middle East
Instanbul,Turkey,IST,Middle East
Iistanbul,Turkey,IST,Middle East
Istanbul,Turkey,IST,Middle East
İstanbul,Turkey,IST,Middle East
ISTANBUL,Turkey,IST,Middle East
Istambul,Turkey,IST,Middle East
Istanbul Atatürk,Turkey,IST,Middle East
Istanbul Ataturk,Turkey,IST,Middle East
Istanbul - Ataturk,Turkey,IST,Middle East
"Ithaca/Cortland, NY",USA,ITH,North America
Ivalo,Finland,IVL,Europe
Iwakuni,Japan,IWK,Asia
Ixtapa/Zihuatenejo,Mexico,ZIH,North America
Izmir Adnan Menderes,Turkey,ADB,Middle East
İzmir,Turkey,IZM,Middle East
Izmir,Turkey,IZM,Middle East
"Jackson Hole, WY",USA,JAC,North America
"Jackson, MI",USA,JXN,North America
"Jackson, MS",USA,JAN,North America
"Jackson, TN",USA,MKL,North America
"Jacksonville, FL",USA,JAX,North America
"Jacksonville, NC",USA,OAJ,North America
Jacobabad,Pakistan,JAG,Middle East
Jaipur - Sanganeer,India,JAI,Asia
Jakarta - Halim Perdanakusma,Indonesia,HLP,Southeast Asia
Jakarta - Kemayoran,Indonesia,JKT,Southeast Asia
Jogjakarta,Indonesia,CGK,Southeast Asia
Jakarta,Indonesia,CGK,Southeast Asia
Jarkata,Indonesia,CGK,Southeast Asia
Jakarta - Soekarno-Hatta,Indonesia,CGK,Southeast Asia
Jalandhar,India,JLR,Asia
"Jamestown, ND",USA,JMS,North America
"Jamestown, NY",USA,JHW,North America
Jamshedpur - Sonari,India,IXW,Asia
Saudi Arabia,Saudi Arabia,JED,Middle East
Jeddah,Saudi Arabia,JED,Middle East
Jeddah - King Abdulaziz Int'l,Saudi Arabia,JED,Middle East
JeJu Island,South Korea,CJU,Asia
JeJu,South Korea,CJU,Asia
Jeju,South Korea,CJU,Asia
Jerez de la Frontera/Cadiz,Spain,XRY,Europe
Jersey,United Kingdom,JER,Europe
Jerusalem,Israel,JRS,Middle East
Jinan,"Shandong, China",TNA,Asia
Jiwani,Pakistan,JIW,Middle East
Joacaba,Brazil,JCB,South America
Joao Pessoa - Castro Pinto,Brazil,JPA,South America
Joenkoeping,Sweden,JKG,Europe
Joensuu,Finland,JOE,Europe
Johannesbutg,South Africa,JNB,Africa
Johannesbug,South Africa,JNB,Africa
Johannesburg,South Africa,JNB,Africa
Johannesburg - Johannesburg Int'l,South Africa,JNB,Africa
"Johnstown, PA",USA,JST,North America
Johore Bahru,Malaysia,JHB,Southeast Asia
"Joplin, MO",USA,JLN,North America
Jounieh,Lebanon,GJN,Middle East
"Juneau, AK - Juneau Int'l",USA,JNU,North America
Jyvaeskylae,Finland,JYV,Europe
Kabul,Afghanistan,KBL,Middle East
Kabul - Khwaja Rawash,Afghanistan,KBL,Middle East
Kagoshima,Japan,KOJ,Asia
"Kahului, HI",USA,OGG,North America
Kajaani,Finland,KAJ,Europe
Kalamata,Greece,KLX,Europe
"Kalamazoo/Battle Creek, MI",USA,AZO,North America
Kalgoorlie,Australia,KGI,South Pacific
"Kalispell, MT",USA,FCA,North America
Kalmar,Sweden,KLR,Europe
"Kamuela, HI",USA,MUE,North America
Kano,Nigeria,KAN,Africa
Kanpur,India,QJU,Asia
"Kansas City, MO - Int'l",USA,MCI,North America
Kaohsiung,Taiwan,KHH,Asia
Kaohsiung Int'l,Taiwan,KHH,Asia
"Kapalua West, HI",USA,JHM,North America
Karachi,Pakistan,KHI,Middle East
Karachi - Quaid-E-Azam Int'l,Pakistan,KHI,Middle East
Karlsruhe-Baden - Soellingen,Germany,FKB,Europe
Karlstad,Sweden,KSD,Europe
Karpathos,Greece,AOK,Europe
Karratha,Australia,KTA,South Pacific
Karumba,Australia,KRB,South Pacific
Karup,Denmark,KRP,Europe
"Kaschechawan, PQ",Canada,ZKE,North America
Kassala,Sudan,KSL,Africa
Katherine,Australia,KTR,South Pacific
Kathmanda,Nepal,KTM,Asia
Kathmandu,Nepal,KTM,Asia
Kathmandu - Tribhuvan,Nepal,KTM,Asia
Katima Mulilo/Mpacha,Namibia,MPA,Africa
Katowice,Poland,KTW,Europe
Kauhajoki,Finland,KHJ,Europe
"Kaunakakai, HI",USA,MKK,North America
Kavalla,Greece,KVA,Europe
Iayseri,Turkey,ASR,Middle East
Keyseri,Turkey,ASR,Middle East
Kayseri,Turkey,ASR,Middle East
Kazan,Russia,KZN,Eastern Europe
Kazan,Russia,KZN,Eastern Europe
Kazan (Ka San),Russia,KZN,Eastern Europe
Keetmanshoop,Namibia,KMP,Africa
"Kelowna, BC",Canada,YLW,North America
Kemi/Tornio,Finland,KEM,Europe
"Kenai, AK",USA,ENA,North America
Kerry County,Ireland,KIR,Europe
"Ketchikan, AK",USA,KTN,North America
"Key West, FL",USA,EYW,North America
Khamis Mushayat,Saudi Arabia,AHB,Middle East
Kharga - New Valley,Egypt,UVL,Africa
Kharkov,Ukraine,HRK,Eastern Europe
Kharkiv,Ukraine,HRK,Eastern Europe
Khartoum,Sudan,KRT,Africa
Khuzdar,Pakistan,KDD,Middle East
Kiel - Holtenau,Germany,KEL,Europe
Kiev - Borispol,Ukraine,KBP,Eastern Europe
Kiev,Ukraine,KBP,Eastern Europe
Kyiv,Ukraine,IEV,Eastern Europe
Kiyv,Ukraine,IEV,Eastern Europe
Kiev - Zhulhany,Ukraine,IEV,Eastern Europe
Rwanda,Rwanda,KGL,Africa
Kigali,Rwanda,KGL,Africa
Kigali - Gregoire Kayibanda,Rwanda,KGL,Africa
Kilimanjaro,Tanzania,JRO,Africa
Kilaminjaro,Tanzania,JRO,Africa
Kilimadjaro,Tanzania,JRO,Africa
"Killeem, TX",USA,ILE,North America
Kimberley,South Africa,KIM,Africa
King Island,King Island,KNS,South Pacific
"King Salomon, AK",USA,AKN,North America
Kingscote,Australia,KGC,South Pacific
Kingston - Norman Manley,Jamaica,KIN,Caribbean
"Kingston, NC",USA,ISO,North America
Kinmen,China,KNH,Asia
Kinshasa,Congo (Zaire),FIH,Africa
Kinshasa - N'Djili,Congo (Zaire),FIH,Africa
Kirkenes,Norway,KKN,Europe
Kirkuk,Iraq,KIK,Middle East
Kiruna,Sweden,KRN,Europe
Kisangani,Zaire,FKI,Africa
Kittil�,Finland,KTT,Europe
Kitwe,Zambia,KIW,Africa
Klagenfurt,Austria,KLU,Europe
"Klamath Fall, OR",USA,LMT,North America
"Klawock, AK",USA,KLW,North America
Kleinsee,South Africa,KLZ,Africa
Knock,Ireland,NOC,Europe
"Knoxville, TN",USA,TYS,North America
Kobe,Japan,UKB,Asia
Kochi,Japan,KCZ,Asia
"Kodiak, AK",USA,ADQ,North America
Kohat,Pakistan,OHT,Middle East
Kokkola/Pietarsaari,Finland,KOK,Europe
Kolkata (Calcutta) - Netaji Subhas Chandra,India,CCU,Asia
Kolkata,India,CCU,Asia
Koltsovo,Russia,SVX,Eastern Europe
"K�ln, K�ln/Bonn",Germany,CGN,Europe
Komatsu,Japan,KMQ,Asia
"Kona, HI",USA,KOA,North America
Konya,Turkey,KYA,Middle East
Korhogo,Ivory Coast,HGO,Africa
Kos,Greece,KGS,Europe
Kosice,Slovakia,KSC,Central Europe
Kota Kinabalu,Malaysia,BKI,Southeast Asia
"Kotzbue, AK",USA,OTZ,North America
Kowanyama,Australia,KWM,South Pacific
Krabi,Thailand,KBV,Southeast Asia
Krakow,Poland,KRK,Europe
Krakau,Poland,KRK,Europe
Kristiansand,Norway,KRS,Europe
Kristianstad,Sweden,KID,Europe
Kristiansund,Norway,KSU,Europe
Kuala Belait,Brunei,KUB,Southeast Asia
Kuala Lumpar,Malaysia,KUL,Southeast Asia
Kuala Lumpur,Malaysia,KUL,Southeast Asia
Kuala Lumpur - Int'l Airport,Malaysia,KUL,Southeast Asia
Kuala Lumpur - Sultan Abdul Aziz Shah,Malaysia,SZB,Southeast Asia
Kuantan,Malaysia,KUA,Southeast Asia
Kuching,Malaysia,KCH,Southeast Asia
Kumamoto,Japan,KMJ,Asia
Kununurra,Australia,KNX,South Pacific
Kuopio,Finland,KUO,Europe
Kushiro,Japan,KUH,Asia
Kuujjuaq (FortChimo),Canada,YVP,North America
Kuujjuarapik,Canada,YGW,North America
Kuusamo,Finland,KAO,Europe
Kuwait,Kuwait,KWI,Middle East
Kuwait - Kuwait Int'l,Kuwait,KWI,Middle East
Kyoto,Japan,UKY,Asia
La Coruna,Spain,LCG,Europe
"La Crosse, WI",USA,LSE,North America
La Grande,Canada,YGL,North America
La Paz - El Alto,Bolivia,LPB,South America
La Paz - Leon,Mexico,LAP,North America
La Rochelle,France,LRH,Europe
Labe,Guinea,LEK,South America
"Labouchere Bay, AK",USA,WLB,North America
Labuan,Malaysia,LBU,Southeast Asia
"Lac Brochet, MB",Canada,XLB,North America
Lae,Papua New Guinea,LAE,Southeast Asia
"Lafayette, IN",USA,LAF,North America
"Lafayette, La",USA,LFT,North America
Lagos,Nigeria,LOS,Africa
"Lagos, Nigeria",Nigeria,LOS,Africa
Lagos - Murtala Muhammed,Nigeria,LOS,Africa
Lahore,Pakistan,LHE,Middle East
"Lake Charles, La",USA,LCH,North America
"Lake Havasu City, AZ",USA,HII,North America
"Lake Tahoe, CA",USA,TVL,North America
Lakselv,Norway,LKL,Europe
Lambarene,Gabon,LBQ,Africa
Lamezia Terme,Italy,SUF,Europe
Lampedusa,Italy,LMP,Europe
"Lanai City, HI",USA,LNY,North America
"Lancaster, PA",USA,LNS,North America
Langkawi,Malaysia,LGK,Southeast Asia
Lannion,France,LAI,Europe
Lanseria,South Africa,HLA,Africa
"Lansing, MI",USA,LAN,North America
Lappeenranta,Finland,LPP,Europe
"Laramie, WY",USA,LAR,North America
"Laredo, TX",USA,LRD,North America
Lefkosa,Cyprus,ECN,Europe
Lefkosa ECN,Cyprus,ECN,Europe
Ercan,Cyprus,ECN,Europe
Larnaca,Cyprus,LCA,Europe
Las Palmas,Spain,LPA,Europe
Las Vegas,USA,LAS,North America
"Las Vegas, NV",USA,LAS,North America
"Latrobe, PA",USA,LBE,North America
Launceston,Australia,LST,South Pacific
"Laurel/Hattisburg, MS",USA,PIB,North America
Laverton,Australia,LVO,South Pacific
"Lawton, OK",USA,LAW,North America
Lazaro Cardenas,Mexico,LZC,North America
Leaf Rapids,Canada,YLR,North America
Learmouth (Exmouth),Australia,LEA,South Pacific
"Lebanon, NH",USA,LEB,North America
Leeds/Bradford,United Kingdom,LBA,Europe
Leinster,Australia,LER,South Pacific
Leipzig,Germany,LEJ,Europe
Lelystad,Netherlands,LEY,Europe
Leon,Mexico,BJX,North America
Leonora,Australia,LNO,South Pacific
"Lewiston, ID",USA,LWS,North America
"Lewistown, MT",USA,LWT,North America
"Lexington, KY",USA,LEX,North America
Libreville,Gabon,LBV,Africa
Lidkoeping,Sweden,LDK,Europe
Liege,Belgium,LGG,Europe
Lifou,"Loyaute, Pazifik",LIF,South Pacific
"Lihue, HI",USA,LIH,North America
Lille,France,LIL,Europe
Lilongwe - Lilongwe International,Malawi,LLW,Africa
Lima,Peru,LIM,South America
Lima - J Chavez Int'l,Peru,LIM,South America
Limassol,Cyprus,QLI,Europe
Limoges,France,LIG,Europe
"Lincoln, NE",USA,LNK,North America
Lindeman Island,Australia,LDC,South Pacific
Linz - Hoersching,Austria,LNZ,Europe
Lisala,"Congo, Democratic Republic of The",LIQ,Africa
Lisbon,Portugal,LIS,Europe
Lisbon - Lisboa,Portugal,LIS,Europe
Lismore,Australia,LSY,South Pacific
"Little Rock, AR",USA,LIT,North America
Liverpool,United Kingdom,LPL,Europe
Lizard Island,Australia,LZR,South Pacific
Ljubliana,Slovenia,LJU,Eastern Europe
Ljubljana,Slovenia,LJU,Eastern Europe
Ljubljana - Brnik,Slovenia,LJU,Eastern Europe
Lockhart River,Australia,IRG,South Pacific
Lome,Togo,LFW,South Pacific
London,United Kingdom,LON,Europe
London,Canada,YXU,North America
London - City Airport,United Kingdom,LCY,Europe
London Gatwick,United Kingdom,LGW,Europe
London - Gatwick,United Kingdom,LGW,Europe
Gatwick,United Kingdom,LGW,Europe
Heathrow,United Kingdom,LHR,Europe
London Heathrw,United Kingdom,LHR,Europe
London Heahrow,United Kingdom,LHR,Europe
London Heathrow,United Kingdom,LHR,Europe
London - Heathrow,United Kingdom,LHR,Europe
London - Luton,United Kingdom,LTN,Europe
London - Stansted,United Kingdom,STN,Europe
"Long Beach, CA",USA,LGB,North America
"Long Island, AK",USA,LIJ,North America
"Long Island, Islip, NY - Mac Arthur",USA,ISP,North America
Longreach,Australia,LRE,South Pacific
"Longview/Kilgore, TX",USA,GGG,North America
Longyearbyen - Svalbard,Svalbard/Norway,LYR,Europe
Loreto,Mexico,LTO,North America
Lorient,France,LRT,Europe
Los Angeles,USA,LAX,North America
"Los Angeles, CA - Int'l",USA,LAX,North America
Los Cabos,Mexico,SJD,North America
Los Mochis,Mexico,LMM,North America
Los Rodeos,Teneriffa/Spain,TFN,Europe
"Louisville, KY",USA,SDF,North America
Lourdes/Tarbes,France,LDE,Europe
Luanda,Angola,LAD,Africa
Luanda - 4 de Fevereiro,Angola,LAD,Africa
"Lubbock, TX",USA,LBB,North America
Lucknow,India,LKO,Asia
Luederitz,Namibia,LUD,Africa
Luga,Malta,MLA,Europe
Malta,Malta,MLA,Europe
Lugano,Switzerland,LUG,Europe
Lulea,Sweden,LLA,Europe
Lumbumbashi,Zaire,FBM,Africa
Lusaka,Zambia,LUN,Africa
Lusisiki,South Africa,LUJ,Africa
Luxembourg,Luxembourg,LUX,Europe
Luxor,Egypt,LXR,Africa
Lviv,Ukraine,LWO,Eastern Europe
Lvov,Ukraine,LWO,Eastern Europe
"Lvov (Lwow, Lemberg)",Ukraine,LWO,Eastern Europe
"Lynchburg, VA",USA,LYH,North America
Lyon,France,LYS,Europe
Maastricht/Aachen,Netherlands,MST,Europe
Macapa,Brazil,MCP,South America
Macau,"Macau, China SAR",MFM,Asia
Maceio,Brazil,MCZ,South America
Mackay,Australia,MKY,South Pacific
Mactan,Phillippines,CEB,Southeast Asia
Mactan-Cebu,Phillippines,CEB,Southeast Asia
"Macon, GA",USA,MCN,North America
Mactan Island - Nab,Philippines,NOP,Southeast Asia
Madinah,Saudi Arabia,MED,Middle East
"Madinah, Mohammad Bin Abdulaziz",Saudi Arabia,MED,Middle East
"Madison, WI",USA,MSN,North America
Madras (Chennai),India,MAA,Asia
madrid,Spain,MAD,Europe
Madrid,Spain,MAD,Europe
Madrid - Barajas,Spain,MAD,Europe
Mahe,Seychelles,SEZ,Africa
"Mahé, Seychelles",Seychelles,SEZ,Africa
Mahé,Seychelles,SEZ,Africa
Seychelles,Seychelles,SEZ,Africa
Mahe - Seychelles Int'l,Seychelles,SEZ,Africa
Mahon,Spain,MAH,Europe
Maitland,Australia,MTL,South Pacific
Majunga,Madagascar,MJN,Africa
Makung,Taiwan,MZG,Asia
Malabo,Equatorial Guinea,SSG,Africa
Málaga,Spain,AGP,Europe
Malaga,Spain,AGP,Europe
Maldives,Maledives,MLE,Asia
Male,Maledives,MLE,Asia
Malé,Maledives,MLE,Asia
Male - International,Maledives,MLE,Asia
Malindi,Kenya,MYD,Africa
Malmo (Malmoe),Sweden,MMA,Europe
Malmo (Malmoe) - Sturup,Sweden,MMX,Europe
Man,Ivory Coast,MJC,Africa
Manado,Indonesia,MDC,Southeast Asia
Managua - Augusto C Sandino,Nicaragua,MGA,Central Americal
Biskek,Bishkek,FRU,Asia
Bishkek,Bishkek,FRU,Asia
Manas,Bishkek,FRU,Asia
Manaus,Brazil,MAO,South America
Manchester UK,United Kingdom,MAN,Europe
Manchester,United Kingdom,MAN,Europe
"Manchester, NH",USA,MHT,North America
Manguna,Papua New Guinea,MFO,Southeast Asia
Manihi,French Polynesia,XMH,South Pacific
Manila,Philippines,MNL,Southeast Asia
Manila - Ninoy Aquino Int'l,Philippines,MNL,Southeast Asia
Manzanillo,Mexico,ZLO,North America
Manzini - Matsapha Int'l,Swaziland,MTS,Africa
Maputo,Mozambique,MPM,Africa
Maputo - Maputo International,Mozambique,MPM,Africa
Mar del Plata,Argentina,MDQ,South America
Maracaibo - La Chinita,Venezuela,MAR,South America
Maradi,Niger,MFQ,Africa
"Marathon, FL",USA,MTH,North America
Mardin,Turkey,MQM,Middle East
Mare,New Caledonia,MEE,South Pacific
Margate,South Africa,MGH,Africa
Margerita,Venezuela,PMV,South America
Maribor,Slovenia,MBX,Eastern Europe
Mariehamn (Maarianhamina),Finland,MHQ,Europe
Maroua,Cameroon,MVR,Southeast Asia
"Marquette, MI",USA,MQT,North America
Marrakesh,Morocco,RAK,Africa
Marrakech,Morocco,RAK,Africa
Marrakech - Menara,Morocco,RAK,Africa
Marsa Matrah (Marsa Matruh),Egypt,MUH,Africa
Marseilles,France,MRS,Europe
Marseille,France,MRS,Europe
Marsh Harbour,Bahamas,MHH,Carribbean
"Martha's Vineyard, MA",USA,MVY,North America
Maryborough,Australia,MBH,South Pacific
Maseru - Moshoeshoe Int'l,Lesotho,MSU,Africa
Mashhad,Iran,MHD,Middle East
Mashad,Iran,MHD,Middle East
"Mason City, IA",USA,MCW,North America
Masvingo,Zimbabwe,MVZ,Africa
"Matsumoto, Nagano",Japan,MMJ,Asia
Matsuyama,Japan,MYJ,Asia
"Mattoon, IL",USA,MTO,North America
Maun,Botswana,MUB,Africa
Maupiti,French Polynesia,MAU,South Pacific
Port Louis,Mauritius,MRU,Asia
Mauritius,Mauritius,MRU,Asia
Mauritius - S.Seewoosagur Ram Int'l,Mauritius,MRU,Asia
Mayaguez,Puerto Rico,MAZ,Caribbean
Mazatlan,Mexico,MZT,North America
"McAllen, TX",USA,MFE,North America
Medan,Indonesia,MES,Southeast Asia
Medellin,Colombia,MDE,South America
"Medford, OR",USA,MFR,North America
Medina,Saudi Arabia,MED,Middle East
Meekatharra,Australia,MKR,South Pacific
Melbourne Australia,,AustraliaMEL,South Pacific
Melbourne,Australia,MEL,South Pacific
Melbourne - Tullamarine,Australia,MEL,South Pacific
"Melbourne, FL",USA,MLB,North America
"Memphis, TN",USA,MEM,North America
Mendoza,Argentina,MDZ,South America
"Merced, CA",USA,MCE,North America
Merida,Mexico,MID,North America
"Meridian, MS",USA,MEI,North America
Merimbula,Australia,MIM,South Pacific
Messina,South Africa,MEZ,Africa
"Metlakatla, AK",USA,MTM,North America
Metz,France,MZM,Europe
Mexicali,Mexico,MXL,North America
Mexico city,Mexico,MEX,North America
Mexico City,Mexico,MEX,North America
Mexico City - Juarez International,Mexico,MEX,North America
Mfuwe,Zambia,MFU,Africa
MIami,USA,MIA,North America
Miami,USA,MIA,North America
"Miami, FL",USA,MIA,North America
Mianwali,Pakistan,MWD,Middle East
Middlemount,Australia,MMM,South Pacific
"Midland/Odessa, TX",USA,MAF,North America
Mikkeli,Finland,MIK,Europe
Milan,Italy,MIL,Europe
Milan - Linate,Italy,LIN,Europe
Milano MXP,Italy,MXP,Europe
Milano,Italy,MXP,Europe
Milano Malpensa,Italy,MXP,Europe
Milan Malpensa,Italy,MXP,Europe
Milan - Malpensa,Italy,MXP,Europe
Milan - Orio Al Serio,Italy,BGY,Europe
Mildura,Australia,MQL,South Pacific
"Miles City, MT",USA,MLS,North America
Milford Sound,New Zealand,MFN,South Pacific
"Milwaukee, WI",USA,MKE,North America
Minatitlan,Mexico,MTT,North America
Mineralnye Vody,Russia,MRV,Eastern Europe
"Minneapolis - St. Paul Int'l Airport, MN",USA,MSP,North America
"Minot, ND",USA,MOT,North America
Minsk,Belarus,MSQ,Eastern Europe
"Minsk, International",Belarus,MSQ,Eastern Europe
Miri,Malaysia,MYY,Southeast Asia
Mirpur,Pakistan,QML,Middle East
"Missula, MT",USA,MSO,North America
"Mitchell, SD",USA,MHE,North America
Miyako Jima (Ryuku Islands) - Hirara,Japan,MMY,Asia
Miyazaki,Japan,KMI,Asia
Mkambati,South Africa,MBM,Africa
Moanda,Gabon,MFF,Africa
"Mobile, AL - Pascagoula, MS",USA,MOB,North America
"Modesto, CA",USA,MOD,North America
Moenjodaro,Pakistan,MJD,Middle East
Mogadishu,Somalia,MGQ,Africa
Mogadischu,Somalia,MGQ,Africa
Mokuti,Namibia,OKU,Africa
"Moline/Quad Cities, IL",USA,MLI,North America
Kenya Mombasa,Kenya,MBA,Africa
Mombasa,Kenya,MBA,Africa
Mombasa - Moi International,Kenya,MBA,Africa
Monastir,Tunisia,MIR,Africa
Moncton,Canada,YQM,North America
"Monroe, La",USA,MLU,North America
Monrovia,Liberia,MLW,Africa
Monrovia - Roberts Int'l,Liberia,ROB,Africa
Montenego Bay,Jamaica,MBJ,Caribbean
Montenegro,Brazil,QGF,South America
"Monterey, CA",USA,MRY,North America
Monterrey,Mexico,MTY,North America
Monterrey - Aeropuerto Del Norte,Mexico,NTR,North America
Montevideo - Carrasco,Uruguay,MVD,South America
"Montgomery, AL",USA,MGM,North America
Montpellier - Frejorgues,France,MPL,Europe
Montréal,Canada,YMQ,North America
Montreal,Canada,YMQ,North America
Montreal - Dorval (Montr�al-Trudeau),Canada,YUL,North America
Montreal - Mirabel,Canada,YMX,North America
"Montrose/Tellruide, CO",USA,MTJ,North America
Moorea,French Polynesia,MOZ,South Pacific
Moranbah,Australia,MOV,South Pacific
Moree,Australia,MRZ,South Pacific
Morelia,Mexico,MLM,North America
"Morgantown, WV",USA,MGW,North America
"Morioka, Hanamaki",Japan,HNA,Asia
Moroni - Iconi,Comoros (Comores),YVA,Africa
Moroni - Prince Said Ibrahim,Comoros (Comores),HAH,Africa
Moscow - Domodedovo,Russia,DME,Eastern Europe
Moscow - Metropolitan Area,Russia,MOW,Eastern Europe
Moscow - Sheremetyevo,Russia,SVO,Eastern Europe
Mosco,Russia,SVO,Eastern Europe
Moscow,Russia,SVO,Eastern Europe
Moscow-Vnukovo,Russia,VKO,Eastern Europe
Moscow - Vnukovo,Russia,VKO,Eastern Europe
"Moses Lake, WA",USA,MWH,North America
Mostar,Bosnia and Herzegovina,OMO,Eastern Europe
Mosul,Iraq,OSM,Middle East
Mouila,Gabon,MJL,Africa
Moundou,Chad,MQQ,Africa
Mount Cook,New Zealand,GTN,South Pacific
Mount Gambier,Australia,MGB,South Pacific
Mount Magnet,Australia,MMG,South Pacific
Mt. Isa,Australia,ISA,South Pacific
"Mt. McKinley, AK",USA,MCL,North America
München,Germany,MUC,Europe
Munich,Germany,MUC,Europe
Muenchen (Munich) - Franz Josef Strauss,Germany,MUC,Europe
Muenster/Osnabrueck,Germany,FMO,Europe
Muenster/Osnabrueck,Germany,MSR,Europe
Mulhouse,France,MLH,Europe
Multan,Pakistan,MUX,Middle East
Murcia,Spain,MJV,Europe
Murmansk,Russia,MMK,Eastern Europe
Muscat,Oman,MCT,Middle East
Muscat - Seeb,Oman,MCT,Middle East
"Muscle Shoals, AL",USA,MSL,North America
"Muskegon, MI",USA,MKG,North America
Muzaffarabad,Pakistan,MFG,Middle East
Mvengue,Gabon,MVB,Africa
Mykonos,Greece,JMK,Europe
"Myrtle Beach, SC",USA,MYR,North America
Mytilene (Lesbos),Greece,MJT,Europe
Mzamba,South Africa,MZF,Africa
Fiji,Fiji,NAN,South Pacific
Nadi,Fiji,NAN,South Pacific
Nagasaki,Japan,NGS,Asia
Nagoya - Komaki AFB,Japan,NGO,Asia
Nagoya,Japan,NGO,Asia
Nagpur,India,NAG,Asia
Nairobi,Kenya,NBO,Africa
Najaf,Iraq,NJF,Middle East
Nancy,France,ENC,Europe
Nanisivik,Canada,YSR,North America
Nanjing,China,NKG,Asia
Nakhchivan,Azerbaijan,NAJ,Eastern Europe
Nanning,"Guangxi, China",NNG,Asia
Nantes,France,NTE,Europe
"Nantucket, MA",USA,ACK,North America
Naples,Italy,NAP,Europe
Napoli,Italy,NAP,Europe
"Naples, FL",USA,APF,North America
Narrabri,Australia,NAA,South Pacific
Narrandera,Australia,NRA,South Pacific
Narsarsuaq,Greenland,UAK,North America
"Nashville, TN",USA,BNA,North America
Nassau,Bahamas,NAS,Carribbean
Natal,Brazil,NAT,South America
Nausori,Fiji/Suva,SUV,South Pacific
Nawab Shah,Pakistan,WNS,Middle East
N'Djamena,Chad,NDJ,Africa
N'Dola,Zambia,NLA,Africa
Nelson,New Zealand,NSN,South Pacific
Nelspruit,South Africa,NLP,Africa
Nevis,Nevis,NEV,Caribbean
Neveshir,Turkey,NAV,Middle East
Cappadocia,Turkey,NAV,Middle East
Nevşehir Kapadokya Airport,Turkey,NAV,Middle East
"New Bern, NC",USA,EWN,North America
"New Haven, CT",USA,HVN,North America
"New Orleans, La",USA,MSY,North America
New Valley - Kharga,Egypt,UVL,Africa
New York JFK,USA,JFK,North America
"New York - John F. Kennedy, NY",USA,JFK,North America
"New York - La Guardia, NY",USA,LGA,North America
"Newark, New Jersey",USA,EWR,North America
Newark,USA,EWR,North America
"New York - Newark, NJ",USA,EWR,North America
New York,USA,NYC,North America
"New York, NY",USA,NYC,North America
"Newburgh, NY",USA,SWF,North America
Newcastle,South Africa,NCS,Africa
Newcastle,United Kingdom,NCL,Europe
Newcastle - Belmont,Australia,BEO,South Pacific
Newcastle - Williamtown,Australia,NTL,South Pacific
Newman,Australia,ZNE,South Pacific
"Newport News/Williamsburg, VA",USA,PHF,North America
N'Gaoundere,Cameroon,NGE,Southeast Asia
Niagara Falls Int'l,USA,IAG,North America
Niamey,Niger,NIM,Africa
Nice,France,NCE,Europe
Nice - Cote D'Azur,France,NCE,Europe
Nicosia,Cyprus,NIC,Europe
Niigata,Japan,KIJ,Asia
Nikolaev,Ukraine,NLV,Eastern Europe
Nimes,France,FNI,Europe
Nis,Yugoslavia,INI,Eastern Europe
"Nome, AK",USA,OME,North America
Noosa,Australia,NSA,South Pacific
Norfolk Island,Australia,NLK,South Pacific
"Norfolk/Virginia Beach, VA",USA,ORF,North America
Norman Wells,Canada,YVQ,North America
Norrkoeping,Sweden,NRK,Europe
"North Bend, OR",USA,OTH,North America
North Eleuthera,Bahamas,ELH,Carribbean
Nouadhibou,Mauritania,NDB,Africa
Nouakchott,Mauritania,NKC,Africa
Noumea,New Caledonia,NOU,South Pacific
Novi Sad,Yugoslavia,QND,Eastern Europe
Novosibirsk - Tolmachevo,Russia,OVB,Eastern Europe
Nuevo Laredo,Mexico,NLD,North America
Nuku'alofa - Fua'Amotu International,Tonga,TBU,South Pacific
Nuremberg,Germany,NUE,Europe
Nuremburg,Germany,NUE,Europe
N�rnberg (Nuremberg),Germany,NUE,Europe
Nursultan,Kazakhstan,NQZ,Asia
Nur-Sultan,Kazakhstan,NQZ,Asia
"Oakland, CA",USA,OAK,North America
Oaxaca,Mexico,OAX,North America
Odense,Denmark,ODE,Europe
Odessa,Ukraine,ODS,Eastern Europe
Odesa,Ukraine,ODS,Eastern Europe
Oerebro,Sweden,ORB,Europe
Ohrid,Macedonia,OHD,Eastern Europe
Oita,Japan,OIT,Asia
Okayama,Japan,OKJ,Asia
Okinawa,Japan,OKA,Asia
Naha,Japan,OKA,Asia
Okinawa Naha,Japan,OKA,Asia
"Okinawa, Ryukyo Island - Naha",Japan,OKA,Asia
"Oklahoma City, OK - Will Rogers World",USA,OKC,North America
Olbia,Italy,OLB,Europe
Olympic Dam,Australia,OLP,South Pacific
"Omaha, NE",USA,OMA,North America
Ondangwa,Namibia,OND,Africa
"Ontario, CA",USA,ONT,North America
Oran,Algeria,ORN,Africa
Oran (Ouahran),Algeria,ORN,Africa
Orange,Australia,OAG,South Pacific
"Orange County (Santa Ana), CA",USA,SNA,North America
Oranjemund,Namibia,OMD,Africa
Orkney,United Kingdom,KOI,Europe
"Orlando Int'l Airport, FL",USA,ORL,North America
Orlando,USA,MCO,North America
Orlando Executive Airport,USA,ORL,North America
"Orlando Metropolitan Area, FL",USA,ORL,North America
Orpheus Island,Australia,ORS,South Pacific
Itami,Japan,ITM,Asia
Osaka Itami,Japan,ITM,Asia
Osaka - Itami,Japan,ITM,Asia
Kansa,Japan,KIX,Asia
Kansai,Japan,KIX,Asia
Giresun,Turkey,OGU,Middle East
Osaka Kansai,Japan,KIX,Asia
Osaka,Japan,KIX,Asia
Osaka - Kansai Int'l Airport,Japan,KIX,Asia
"Osaka, Metropolitan Area",Japan,OSA,Asia
"Oshkosh, WI",USA,OSH,North America
Osijek,Croatia (Hrvatska),OSI,Eastern Europe
Oslo,Norway,OSL,Europe
Oslo - Sandefjord,Norway,TRF,Europe
Ottawa - Hull,Canada,YOW,North America
Ouadda,Central African Republic,ODA,Africa
Ouagadougou,Burkina Faso,OUA,Africa
Ouarzazate,Morocco,OZZ,Africa
Oudtshoorn,South Africa,OUH,Africa
Oujda,Morocco,OUD,Africa
Oulu,Finland,OUL,Europe
Oviedo,Spain,OVD,Europe
"Owensboro, KY",USA,OWB,North America
"Oxnard, CA",USA,OXR,North America
Oyem,Gabon/Loyautte,UVE,Africa
Paderborn/Lippstadt,Germany,PAD,Europe
"Paducah, KY",USA,PAH,North America
"Page/Lake Powell, AZ",USA,PGA,North America
Pago Pago,American Samoa,PPG,South Pacific
"Pakersburg, WV/Marietta, OH",USA,PKB,North America
Palermo - Punta Raisi,Italy,PMO,Europe
"Palm Springs, CA",USA,PSP,North America
Palma de Mallorca,Spain,PMI,Europe
"Palmdale/Lancaster, CA",USA,PMD,North America
Palmerston North,New Zealand,PMR,South Pacific
Panama City - Tocumen International,Panama,PTY,Central America
"Panama City, FL",USA,PFN,North America
Panjgur,Pakistan,PJG,Middle East
Pantelleria,Italy,PNL,Europe
Tahiti,French Polynesia (Tahiti),PPT,South Pacific
Papeete - Faaa,French Polynesia (Tahiti),PPT,South Pacific
Papeete,French Polynesia (Tahiti),PPT,South Pacific
Paphos,Cyprus,PFO,Europe
Paraburdoo,Australia,PBO,South Pacific
Paramaribo - Zanderij Int'l,Suriname,PBM,Africa
Paris,France,PAR,Europe
Paris-CDG,France,CDG,Europe
París CDG,France,CDG,Europe
Paris CDG,France,CDG,Europe
Paris - Charles de Gaulle,France,CDG,Europe
Paris - Le Bourget,France,LBG,Europe
Paris Orly,France,ORY,Europe
Orly,France,ORY,Europe
Paris-Orly,France,ORY,Europe
Paris - Orly,France,ORY,Europe
Paro,Bhutan,PBH,Asia
"Pasco, WA",USA,PSC,North America
Pasni,Pakistan,PSI,Middle East
Patna,India,PAT,Asia
Pattaya,Thailand,PYX,Southeast Asia
Pau,France,PUF,Europe
"Pellston, MI",USA,PLN,North America
Penang,Malaysia,PEN,Southeast Asia
Penang International,Malaysia,PEN,Southeast Asia
"Pendelton, OR",USA,PDT,North America
"Pensacola, FL",USA,PNS,North America
"Peoria/Bloomington, IL",USA,PIA,North America
Pereira,Colombia,PEI,South America
Perpignan,France,PGF,Europe
Perth,Australia,PER,South Pacific
Perth Int'l,Australia,PER,South Pacific
Perugia,Italy,PEG,Europe
Pescara,Italy,PSR,Europe
Peshawar,Pakistan,PEW,Middle East
"Petersburg, AK",USA,PSG,North America
Phalaborwa,South Africa,PHW,Africa
Philadelphia,USA,PHL,North America
"Philadelphia, PA - Int'l",USA,PHL,North America
Pnom Penh,Cambodia,PNH,Southeast Asia
Phnom Penh,Cambodia,PNH,Southeast Asia
Phnom Penh - Pochentong,Cambodia,PNH,Southeast Asia
Phoenix,USA,PHX,North America
"Phoenix, AZ - Sky Harbor Int'l",USA,PHX,North America
Phuket,Thailand,HKT,Southeast Asia
"Pierre, SD",USA,PIR,North America
Pietermaritzburg,South Africa,PZB,Africa
Pietersburg,South Africa,PTG,Africa
Pilanesberg/Sun City,South Africa,NTY,Africa
Pisa,Italy,PSA,Europe
Pisa - Gal Galilei,Italy,PSA,Europe
"Pittsburgh Int'l Airport, PA",USA,PIT,North America
"Plattsburgh, NY",USA,PLB,North America
Plettenberg Bay,South Africa,PBZ,Africa
"Pocatello, ID",USA,PIH,North America
Podgorica,Yugoslavia,TGD,Eastern Europe
Pohnpei,Micronesia,PNI,South Pacific
Point-a-Pitre,Guadeloupe,PTP,Caribbean
Pointe a Pitre,Guadeloupe,PTP,Caribbean
Pointe Noire,Congo,PNR,Africa
Ponce,Puerto Rico,PSE,Caribbean
Ponta Delgada,Portugal,PDL,Europe
Pori,Finland,POR,Europe
"Port Angeles, WA",USA,CLM,North America
Port au Prince,Haiti,PAP,Caribbean
Port Augusta,Australia,PUG,South Pacific
Port Elizabeth,South Africa,PLZ,Africa
Port Gentil,Gabon,POG,Africa
Port Harcourt,Nigeria,PHC,Africa
Port Hedland,Australia,PHE,South Pacific
Port Lincoln,Australia,PLO,South Pacific
Port Macquarie,Australia,PQQ,South Pacific
"Port Menier, PQ",Canada,YPN,North America
Port Moresby - Jackson Field,Papua New Guinea,POM,Southeast Asia
Port of Spain,Trinidad,POS,Caribbean
Port Said,Egypt,PSD,Africa
Port Vila,Vanuatu,VLI,South Pacific
Portland,Australia,PTJ,South Pacific
"Portland Int'l, OR",USA,PDX,North America
"Portland, ME",USA,PWM,North America
Porto,Portugal,OPO,Europe
Oporto,Portugal,OPO,Europe
Porto Alegre,Brazil,POA,South America
Porto Santo,Portugal,PXO,Europe
Porto Velho,Brazil,PVH,South America
"Poughkeepsie, NY",USA,POU,North America
"Poznan, Lawica",Poland,POZ,Europe
Prague - Ruzyne,Czech Republic,PRG,Europe
Prague,Czech Republic,PRG,Europe
Praia,Cape Verde,RAI,Africa
"Presque Island, ME",USA,PQI,North America
Pretoria - Wonderboom Apt.,South Africa,PRY,Africa
Preveza/Lefkas,Greece,PVK,Europe
Prince George,Canada,YXS,North America
Prince Rupert/Digby Island,Canada,YPR,North America
Prishtina,Yugoslavia,PRN,Eastern Europe
Pristina,Yugoslavia,PRN,Eastern Europe
Prosperpine,Australia,PPP,South Pacific
"Providence, RI",USA,PVD,North America
"Prudhoe Bay, AK",USA,SCC,North America
Gimhae,South Korea,PUS,Asia
Busan,South Korea,PUS,Asia
Pu San (Pusan) - Kimhae,South Korea,PUS,Asia
Puebla,Mexico,PBC,North America
"Pueblo, CO",USA,PUB,North America
Puerto Escondido,Mexico,PXM,North America
Puerto Ordaz,Venezuela,PZO,South America
Puerto Plata,Dominican Republic,POP,Caribbean
Puerto Vallarta,Mexico,PVR,North America
Pukatawagan,Canada,XPK,North America
Pula,Croatia (Hrvatska),PUY,Eastern Europe
"Pullman, WA",USA,PUW,North America
Pune,India,PNQ,Asia
Punta Arenas,Chile,PUQ,South America
Punta Cana,Dominican Republic,PUJ,Caribbean
Qingdoa,China,TAO,Asia
Qingdao,"Shandong, China",TAO,Asia
Quebec - Quebec Int'l,Canada,YQB,North America
Queenstown,Australia,UEE,South Pacific
Queenstown,New Zealand,ZQN,South Pacific
Quetta,Pakistan,UET,Middle East
Quimper,France,UIP,Europe
"Quincy, IL",USA,UIN,North America
Quito - Mariscal Sucr,Ecuador,UIO,South America
Rabat,Morocco,RBA,Africa
Rabat - Sale,Morocco,RBA,Africa
Rahim Yar Khan,Pakistan,RYK,Middle East
Raiatea,French Polynesia,RFP,South Pacific
"Rainbow Lake, AB",Canada,YOP,North America
Rajkot,India,RAJ,Asia
Raleigh Durham,USA,RDU,North America
"Raleigh/Durham, NC",USA,RDU,North America
Ranchi,India,IXR,Asia
Rangiroa,French Polynesia,RGI,South Pacific
Rangoon (Yangon) - Mingaladon,Myanmar (Burma),RGN,Southeast Asia
"Rapid City, SD",USA,RAP,North America
Rarotonga Cook,Island,RAR,South Pacific
Ras al Khaymah (Ras al Khaimah),United Arab Emirates,RKT,Middle East
Rawala Kot,Pakistan,RAZ,Middle East
Rawalpindi,Pakistan,RWP,Middle East
"Reading, PA",USA,RDG,North America
Recife,Brazil,REC,South America
"Redding, CA",USA,RDD,North America
"Redmond, OR",USA,RDM,North America
Reggio Calabria,Italy,REG,Europe
Regina,Canada,YQR,North America
Reina Sofia,Teneriffa/Spain,TFS,Europe
Rennes,France,RNS,Europe
"Reno, NV",USA,RNO,North America
Resolute Bay,Canada,YRB,North America
Reus,Spain,REU,Europe
Keflavik,Iceland,KEF,Europe
Reykjavik - Keflavik International,Iceland,KEF,Europe
Reykjavik - Metropolitan Area,Iceland,REK,Europe
"Rhinelander, WI",USA,RHI,North America
Rhodos,Greece,RHO,Europe
Richards Bay,South Africa,RCB,Africa
"Richmond, VA",USA,RIC,North America
Riga,Latvia,RIX,Eastern Europe
Rijeka,Croatia (Hrvatska),RJK,Eastern Europe
Rimini,Italy,RMI,Europe
Rio Branco,Brazil,RBR,South America
Rio de Janeiro,Brazil,RIO,South America
Rio de Janeiro - Galeao,Brazil,GIG,South America
Rio de Janeiro - Santos Dumont,Brazil,SDU,South America
Riyadh,Saudi Arabia,RUH,Middle East
Riyadh - King Khaled Int'l,Saudi Arabia,RUH,Middle East
Rize,Turkey,RZV,Middle East
Roanne,France,RNE,Europe
"Roanoke, VA",USA,ROA,North America
Roatan,Honduras,RTB,Central America
"Rochester, MN",USA,RST,North America
"Rochester, NY",USA,ROC,North America
Rock Sound,Bahamas,RSD,Carribbean
"Rock Springs, WY",USA,RKS,North America
"Rockford, IL",USA,RFD,North America
Rockhampton,Australia,ROK,South Pacific
"Rockland, ME",USA,RKD,North America
"Rocky Mount - Wilson, NC",USA,RWI,North America
Rodez,France,RDZ,Europe
Rodrigues Island,Mauritius,RRG,Asia
Roenne,Denmark,RNN,Europe
Rome,Italy,ROM,Europe
Rome - Ciampino,Italy,CIA,Europe
Rome Fuimicino,Italy,FCO,Europe
Rome Fiumicino,Italy,FCO,Europe
Rome - Fuimicino,Italy,FCO,Europe
Ronneby,Sweden,RNB,Europe
Rosario,Argentina,ROS,South America
Rotorua,New Zealand,ROT,South Pacific
Rotterdam,Netherlands,RTM,Europe
Rovaniemi,Finland,RVN,Europe
Rundu,Namibia,NDU,Africa
Ruse,Bulgaria,ROU,Eastern Europe
Saarbruecken,Germany,SCN,Europe
"Sacramento, CA",USA,SMF,North America
Sado Shima,Japan,SDS,Asia
"Saginaw/Bay City/Midland, MI",USA,MBS,North America
Saidu Sharif,Pakistan,SDT,Middle East
Tan Son Nhat,Viet Nam,SGN,Southeast Asia
Saigon (Ho Chi Minh City),Viet Nam,SGN,Southeast Asia
Saint Brieuc,France,SBK,Europe
Reunion,Reunion,RUN,Africa
Saint Denis de la Reunion,Reunion,RUN,Africa
Saint John,Canada,YSJ,North America
Saipan,Northern Mariana Islands,SPN,South Pacific
Sal,Cape Verde,SID,Africa
Salalah,Oman,SLL,Middle East
"Salem, OR",USA,SLE,North America
Salinas,Ecuador,SNC,South America
"Salinas, CA",USA,SNS,North America
Salisbury,Zimbabwe,SAY,Africa
"Salisbury, MD",USA,SBY,North America
Saloniki,Greece,SKG,Europe
Salt Lake City,USA,SLC,North America
"Salt Lake City, UT",USA,SLC,North America
"Salta, Gen Belgrano",Argentina,SLA,South America
Salvador,Brazil,SSA,South America
Salzburg,Austria,SZG,Europe
Salzburg - W.A. Mozart,Austria,SZG,Europe
Samara,Russia,KUF,Eastern Europe
Samarkand,Uzbekistan,SKD,Asia
Samos,Greece,SMI,Europe
Koh Samui,Thailand,USM,Southeast Asia
Samui,Thailand,USM,Southeast Asia
San Andres,Colombia,ADZ,South America
"San Angelo, TX",USA,SJT,North America
"San Antonio, TX",USA,SAT,North America
San Carlos de Bariloche,Argentina,BRC,South America
San Diego,USA,SAN,North America
"San Diego - Lindberg Field Int'l, CA",USA,SAN,North America
San Fransisco,USA,SFO,North America
San Francisco SFO,USA,SFO,North America
San Francisco,USA,SFO,North America
"San Francisco - Int'l Airport, SA",USA,SFO,North America
San Jose,Costa Rica,SJO,Central America
San Jose Cabo,Mexico,SJD,North America
"San Jose, CA",USA,SJC,North America
San Juan Perto,Rico,SJU,Caribbean
"San Luis Obisco, CA",USA,SBP,North America
San Luis Potosi,Mexico,SLP,North America
San Pedro,Ivory Coast,SPY,Africa
San Pedro Sula,Honduras,SAP,Central America
San Salvador,Bahamas,ZSA,Carribbean
San Salvador,El Salvador,SAL,Central America
San Sebastian,Spain,EAS,Europe
Sanaa (Sana'a) - Sana'a International,Yemen,SAH,Middle East
Sandspit,Canada,YZP,North America
"Santa Barbara, CA",USA,SBA,North America
Santa Cruz de la Palma,Spain,SPC,Europe
Santa Cruz de la Sierra,Bolivia,SRZ,South America
Santa Katarina - Mount Sinai,Egypt,SKV,Africa
Santa Maria,Portugal,SMA,Europe
"Santa Maria, CA",USA,SMX,North America
Santa Rosa,Argentina,RSA,South America
Santa Rosa,Bolivia,SRB,South America
Santa Rosa,Brazil,SRA,South America
Santa Rosa Copan,Honduras,SDH,Central America
"Santa Rosa, CA",USA,STS,North America
Santa Rosalia,Mexico,SRL,North America
Santa Rosalia,Colombia,SSL,South America
Santander,Spain,SDR,Europe
Santiago - Antonio Maceo Airport,Cuba,SCU,Caribbean
Santiago de Chile - Arturo Merino Benitez,Chile,SCL,South America
Santiago de Compostela,Spain,SCQ,Europe
Santo,Vanuatu,SON,South Pacific
Santo Domingo,Dominican Republic,SDQ,Caribbean
Sao Luis,Brazil,SLZ,South America
Sao Paulo,Brazil,SAO,South America
Sao Paulo - Congonhas,Brazil,CGH,South America
Sao Paulo - Guarulhos,Brazil,GRU,South America
Sao Paulo - Viracopos,Brazil,VCP,South America
Sao Tome,Sao Tome & Principe,TMS,Africa
Sapporo,"Hokkaido, Japan",SPK,Asia
Sapporo - Okadama,"Hokkaido, Japan",OKD,Asia
Hokkaido,Japan,CTS,Asia
New Chitose (Sapporo),Japan,CTS,Asia
"New Chitose (Sapporo)",Japan,CTS,Asia
Sapporo New Chitose,Japan,CTS,Asia
Sapporo - Shin-Chitose Airport,Japan,CTS,Asia
Sarajevo,Bosnia and Herzegovina,SJJ,Eastern Europe
"Sarasota/Bradenton, FL",USA,SRQ,North America
Saskatoon,Canada,YXE,North America
Sassandra,Ivory Coast,ZSS,Africa
"Savannah, GA",USA,SAV,North America
Savonlinna,Finland,SVL,Europe
Scone,Australia,NSO,South Pacific
"Scottsdale, AZ",USA,SCF,North America
Seattle,USA,SEA,North America
"Seattle/Tacoma, WA",USA,SEA,North America
Sehba,Libya,SEB,Africa
Seinaejoki,Finland,SJY,Europe
Selibi Phikwe,Botswana,PKW,Africa
Sendai,Japan,SDJ,Asia
Seoul GMP,South Korea,GMP,Asia
Seoul,South Korea,ICN,Asia
Seoul-Incheon,South Korea,ICN,Asia
Seoul Incheon,South Korea,ICN,Asia
Seoul Incheaon,South Korea,ICN,Asia
Incheon,South Korea,ICN,Asia
Seoul - Incheon Int'l Airport,South Korea,ICN,Asia
Seoul Gimpo,South Korea,SEL,Asia
Seoul - Kimpo,South Korea,SEL,Asia
Sevilla,Spain,SVQ,Europe
Sfax,Tunisia,SFA,Africa
"Shamattawa, MB",Canada,ZTM,North America
Shanghai - Hongqiao,China,SHA,Asia
Shanghai,China,PVG,Asia
Shanghai Pudong,China,PVG,Asia
Shanghai - Pu Dong,China,PVG,Asia
Shannon (Limerick),Ireland,SNN,Europe
sharjah,United Arab Emirates,SHJ,Middle East
Sharjah,United Arab Emirates,SHJ,Middle East
Sharm el Sheik,Egypt,SSH,Africa
Sharm el-Sheikh,Egypt,SSH,Africa
Sharm el Sheikh,Egypt,SSH,Africa
Sharm El Sheikh,Egypt,SSH,Africa
"Sheffield, City Airport",UK,SZD,Europe
"Shenandoah Valley/Stauton, VA",USA,SHD,North America
Shenyang,"Liaoning, China",SHE,Asia
Shenzhen,"Guangdong, China",SZX,Asia
"Sheridan, WY",USA,SHR,North America
Shiraz,Iran,SYZ,Middle East
"Shreveport, La",USA,SHV,North America
Shute Harbour,Australia,JHQ,South Pacific
Sialkot,Pakistan,SKT,Southern Asia
Sibu,Malaysia,SBW,Southeast Asia
"Sidney, MT",USA,SDY,North America
"Siam Reap, Cambodia",Cambodia,SAI,Southeast Asia
"Siam Reap,Cambodia",Cambodia,SAI,Southeast Asia
Siem Reap,Cambodia,SAI,Southeast Asia
Silistra,Bulgaria,SLS,Eastern Europe
Simferopol,Ukraine,SIP,Eastern Europe
Sindhri,Pakistan,MPD,Middle East
Singapore Return,Singapore,SIN,Asia
Singaporec,Singapore,SIN,Asia
Sinhapore,Singapore,SIN,Asia
Singaporw,Singapore,SIN,Asia
Singapoe,Singapore,SIN,Asia
singapore,Singapore,SIN,Asia
Singapore,Singapore,SIN,Asia
Singapore Changi,Singapore,SIN,Asia
Singapore - Changi,Singapore,SIN,Asia
Singapore - Paya Lebar,Singapore,QPG,Asia
Singleton,Australia,SIX,South Pacific
"Sioux City, IA",USA,SUX,North America
"Sioux Falls, SD",USA,FSD,North America
Sishen,South Africa,SIS,Africa
"Sitka, AK",USA,SIT,North America
Siwa,Egypt,SEW,Africa
"Skagway, AK",USA,SGY,North America
Skardu,Pakistan,KDU,Middle East
Skiathos,Greece,JSI,Europe
Skopje,Macedonia,SKP,Eastern Europe
Skrydstrup,Denmark,SKS,Europe
Skukuza,South Africa,SZK,Africa
Sligo,Ireland,SXL,Europe
Smithers,Canada,YYD,North America
Sodankylae,Finland,SOT,Europe
Soenderborg,Denmark,SGD,Europe
Soendre Stroemfjord,Greenland,SFJ,North America
Sofia,Bulgaria,SOF,Eastern Europe
Sofia - Vrazhdebna,Bulgaria,SOF,Eastern Europe
Sogndal,Norway,SOG,Europe
"South Bend, IN",USA,SBN,North America
"South Indian Lake, MB",Canada,XSI,North America
South Molle Island,Australia,SOI,South Pacific
Southampton,United Kingdom,SOU,Europe
Southampton - Eastleigh,United Kingdom,SOU,Europe
Southend,United Kingdom,SEN,Europe
Split,Croatia (Hrvatska),SPU,Eastern Europe
"Spokane, WA",USA,GEG,North America
Springbok,South Africa,SBU,Africa
"Springfield, IL",USA,SPI,North America
"Springfield, MO",USA,SGF,North America
Srinagar,India,SXR,Asia
"St. Augustin, PQ",Canada,YIF,North America
St. Croix,Virgin Islands,STX,Caribbean
St. Etienne,France,EBU,Europe
"St. George, UT",USA,SGU,North America
St. John's,Canada,YYT,North America
St. Kitts,St. Kitts And Nevis,SKB,Caribbean
St Louis,USA,STL,North America
"St. Louis - Lambert, MO",USA,STL,North America
St. Lucia Hewanorra,St. Lucia,UVF,Caribbean
St. Lucia Vigle,St. Lucia,SLU,Caribbean
St. Marteen,Netherlands Antilles,SXM,Caribbean
St. Martin,St. Martin,SFG,Caribbean
St.Petersburg,Russia,LED,Eastern Europe
St Petersburgh,Russia,LED,Eastern Europe
Saint-Petersburg,Russia,LED,Eastern Europe
St Petersburg,Russia,LED,Eastern Europe
Saint Petersburg,Russia,LED,Eastern Europe
St. Petersburg (Leningrad) - Pulkovo,Russia,LED,Eastern Europe
"St. Pierre, NF",Canada,FSP,North America
St. Thomas,Virgin Islands,STT,Caribbean
St. Vincent,St. Vincent,SVD,Caribbean
London Stansted,United Kingdom,STN,Europe
London Heatrhow,United Kingdom,STN,Europe
Stansted,United Kingdom,STN,Europe
Stansted (London),United Kingdom,STN,Europe
"State College/Belefonte, PA",USA,SCE,North America
Stavanger,Norway,SVG,Europe
"Steamboat Springs, CO",USA,HDN,North America
Stettin,Poland,SZZ,Europe
Stockholm,Sweden,ARN,Europe
Stockholm - Arlanda,Sweden,ARN,Europe
Stockholm - Bromma,Sweden,BMA,Europe
Stockholm Metropolitan Area,Sweden,STO,Europe
"Stockton, CA",USA,SCK,North America
Stornway,United Kingdom,SYY,Europe
Strasbourg,France,SXB,Europe
Strassburg,France,SXB,Europe
Streaky Bay,Australia,KBY,South Pacific
Stuttgart,Germany,STR,Europe
Stuttgart - Echterdingen,Germany,STR,Europe
Sui,Pakistan,SUL,Middle East
Sukkur,Pakistan,SKZ,Middle East
Sulaymaniyah,Iraq,ISU,Middle East
Sumburgh (Shetland),United Kingdom,LSI,Europe
"Sun Valley, ID",USA,SUN,North America
Sundsvall,Sweden,SDL,Europe
Sunshine Coast,Australia,MCY,South Pacific
Surabaya,Indonesia,SUB,Southeast Asia
Surabaya - Juanda,Indonesia,SUB,Southeast Asia
Surat,India,STV,Asia
Suva/Nausori,Fiji,SUV,South Pacific
Swakopmund,Namibia,SWP,Africa
sydney,Australia,SYD,South Pacific
Sydney,Australia,SYD,South Pacific
Sydney - Kingsford Smith,Australia,SYD,South Pacific
Sylhet,Bangladesh,ZYL,Asia
"Syracuse, NY",USA,SYR,North America
Tabriz,Azerbaijan,TBZ,Eastern Europe
Tabuk,Saudi Arabia,TUU,Middle East
Taif,Saudi Arabia,TIF,Middle East
TEP,Taiwan,TPE,Asia
Taipei Taoyuan,Taiwan,TPE,Asia
Taipei City,Taiwan,TPE,Asia
Taipei Taoyuan Airport,Taiwan,TPE,Asia
Taipei,Taiwan,TPE,Asia
Taipei - Chiang Kai Shek,Taiwan,TPE,Asia
Taipei Songshan,Taiwan,TSA,Asia
Taipei - Sung Shan,Taiwan,TAY,Asia
Taiyuan,"Shanxi, China",TYN,Asia
Takamatsu,Japan,TAK,Asia
"Talkeetna, AK",USA,TKA,North America
"Tallahassee, FL",USA,TLH,North America
Tallinn,Estonia,QUF,Eastern Europe
Tallinn - Pirita Harbour,Estonia,QUF,Eastern Europe
Tallin,Estonia,TLL,Eastern Europe
Tallinn - Ulemiste,Estonia,TLL,Eastern Europe
"Tampa Int'l, FL",USA,TPA,North America
Tampere,Finland,TMP,Europe
Tampico - Gen. F. Javier Mina,Mexico,TAM,North America
Tamworth,Australia,TMW,South Pacific
Tangier,Morocco,TNG,Africa
Tanger - Boukhalef,Morocco,TNG,Africa
Taree,Australia,TRO,South Pacific
Targovishte,Bulgaria,TGV,Eastern Europe
Tashkent,Uzbekistan,TAS,Asia
Tashkent - Vostochny,Uzbekistan,TAS,Asia
Tawau,Malaysia,TWU,Southeast Asia
Georgia,Georgia,TBS,Eastern Europe
Tbilisi,Georgia,TBS,Eastern Europe
Tblisi,Georgia,TBS,Eastern Europe
Tbilisi - Novo Alexeyevka,Georgia,TBS,Eastern Europe
Te Anau,New Zealand,TEU,South Pacific
"Teesside, Durham Tees Valley",United Kingdom,MME,Europe
Tegucigalpa,Honduras,TGU,Central America
Imam Khomeini,Iran,IKA,Middle East
Tehran,Iran,IKA,Middle East
Teheran,Iran,IKA,Middle East
Tehran (Teheran) - Mehrabad,Iran,THR,Middle East
Tel Aviv-Yafo,Israel,TLV,Middle East
Tel-Aviv,Israel,TLV,Middle East
Tel Aviv,Israel,TLV,Middle East
Tel Avivi,Israel,TLV,Middle East
Tel Aviv - Ben Gurion Int'l,Israel,TLV,Middle East
"Telluride, CO",USA,TEX,North America
Temora,Australia,TEM,South Pacific
Tenerife,Spain,TCI,Europe
Tenerife - Norte Los Rodeos,Spain,TFN,Europe
Tenerife - Sur Reina Sofia,Spain,TFS,Europe
Tennant Creek,Australia,TCA,South Pacific
Terceira,Portugal,TER,Europe
Teresina,Brazil,THE,South America
Termez (Termes),Uzbekistan,TMZ,Asia
Terrace,Canada,YXT,North America
"Terre Haute, IN",USA,HUF,North America
"Texarkana, AR",USA,TXK,North America
Thaba'Nchu,South Africa,TCU,Africa
The Pas,Canada,YQD,North America
Thessaloniki,Greece,SKG,Europe
Thessaloniki - Makedonia Apt.,Greece,SKG,Europe
"Thief River Falls, MN",USA,TVF,North America
Thira,Greece,JTR,Europe
Trivandrum,India,TRV,Asia
Thiruvananthapuram,India,TRV,Asia
Thisted,Denmark,TED,Europe
Thompson,Canada,YTH,North America
"Thorne Bay, AK",USA,KTB,North America
Thunder Bay,Canada,YQT,North America
Thursday Island,Australia,TIS,South Pacific
Tianjin,China,TSN,Asia
Tijuana - Rodriguez,Mexico,TIJ,North America
Tioman,Indonesia,TOD,Southeast Asia
Tirana - Rinas,Albania,TIA,Eastern Europe
Tirana,Albania,TIA,Eastern Europe
Tiruchirapally,India,TRZ,Asia
Tivat,Yugoslavia,TIV,Eastern Europe
Tobago,Tobago,TAB,Caribbean
Tokushima,Japan,TKS,Asia
Tokyo,Japan,TYO,Asia
Tokyo Haneda,Japan,HND,Asia
Haneda,Japan,HND,Asia
Tokyo-Haneda,Japan,HND,Asia
Tokyo - Haneda,Japan,HND,Asia
Tokyo,Japan,NRT,Asia
Tokyo ta,Japan,NRT,Asia
Narita Tokyo,Japan,NRT,Asia
"Narita, Tokyo",Japan,NRT,Asia
Narita,Japan,NRT,Asia
Tokyo Narita,Japan,NRT,Asia
Tokyo Narita (NRT),Japan,NRT,Asia
Tokyo - Narita,Japan,NRT,Asia
"Toledo, OH",USA,TOL,North America
Tom Price,Australia,TPR,South Pacific
Toowoomba,Australia,TWB,South Pacific
Toronto,Canada,YTO,North America
Toronto - Lester B. Pearson,Canada,YYZ,North America
Toronto Island,Canada,YTZ,North America
Tortola,Virgin Islands,EIS,Caribbean
Touho,New Caledonia,TOU,South Pacific
Toulouse,France,TLS,Europe
Toulouse - Blagnac,France,TLS,Europe
Townsville,Australia,TSV,South Pacific
Toyama,Japan,TOY,Asia
Trabzon,Turkey,TZX,Middle East
Trapani,Italy,TPS,Europe
"Traverse City, MI",USA,TVC,North America
Treasure Cay,Bahamas,TCB,Carribbean
"Trenton/Princeton, NJ",USA,TTN,North America
Treviso,Italy,TSF,Europe
"Tri-Cities Regional, TN/VA",USA,TRI,North America
Trieste,Italy,TRS,Europe
Tripoli - Tripoli Int'l,Libya,TIP,Africa
Tromsoe,Norway,TOS,Europe
Trondheim,Norway,TRD,Europe
Tsumeb,Namibia,TSB,Africa
Tsushima,Japan,TSJ,Asia
"Tucson, AZ",USA,TUS,North America
"Tulepo, MS",USA,TUP,North America
"Tulsa, OK",USA,TUL,North America
Tunisia,Tunisia,TUN,Africa
Tunis,Tunisia,TUN,Africa
Tunis - Carthage,Tunisia,TUN,Africa
Turbat,Pakistan,TUK,Middle East
Turin,Italy,TRN,Europe
Turku,Finland,TKU,Europe
"Tuscaloosa, AL",USA,TCL,North America
Tuxtla Gutierrez,Mexico,TGZ,North America
"Twin Falls, ID",USA,TWF,North America
"Tyler, TX",USA,TYR,North America
"Uberlandia, MG",Brazil,UDI,South America
Makassar,Indonesia,UPG,Southeast Asia
Ujung Pandang,Indonesia,UPG,Southeast Asia
Ulaanbaatar,Mongolia,ULN,Asia
Ulaanbaatar - Buyant Uhaa,Mongolia,ULN,Asia
Ulan-Ude,Russia,UUD,Eastern Europe
Ulundi,South Africa,ULD,Africa
Umtata,South Africa,UTT,Africa
Upington,South Africa,UTN,Africa
Urumqi,"Xinjiang, China",URC,Asia
Utapao (Pattaya),Thailand,UTP,Southeast Asia
"Utica, NY",USA,UCA,North America
Vaasa,Finland,VAA,Europe
Vaexjoe,Sweden,VXO,Europe
"Vail, CO",USA,EGE,North America
Val d'Or,Canada,YVO,North America
"Valdez, AK",USA,VDZ,North America
"Valdosta, GA",USA,VLD,North America
Valencia,Spain,VLC,Europe
Valencia,Venezuela,VLN,South America
Valladolid,Spain,VLL,Europe
Valparaiso,Chile,VAP,South America
Valverde,Spain,VDE,Europe
Van,Turkey,VAN,Middle East
Vancouver,Canada,YVR,North America
Vancouver - Vancouver Int'l,Canada,YVR,North America
Varadero,Cuba,VRA,Caribbean
Varanasi,India,VNS,Asia
Varkaus,Finland,VRK,Europe
Varna,Bulgaria,VAR,Eastern Europe
Vasteras,Sweden,VST,Europe
Velikiye Luki (Welikije Luki),Russia,VLU,Eastern Europe
Venice,Italy,VCE,Europe
Venice - Marco Polo,Italy,VCE,Europe
Veracruz,Mexico,VER,North America
"Vernal, UT",USA,VEL,North America
"Vero Beach/Ft. Pierce, FL",USA,VRB,North America
Verona,Italy,VRN,Europe
Verona (Brescia) Montichiari,Italy,VBS,Europe
Victoria,Canada,YYJ,North America
Victoria Falls,Zimbabwe,VFA,Africa
Vidin,Bulgaria,VID,Eastern Europe
Vientiane,Laos,VTE,Southeast Asia
Vientiane - Wattay,Laos,VTE,Southeast Asia
Vigo,Spain,VGO,Europe
Villahermosa,Mexico,VSA,North America
Virgin Gorda,Virgin Islands,VIJ,Caribbean
"Visalia, CA",USA,VIS,North America
Visby,Sweden,VBY,Europe
Vitoria,Spain,VIT,Europe
Vitoria,Brazil,VIX,South America
Vryheid,South Africa,VYD,Africa
Wabush,Canada,YWK,North America
"Waco, TX",USA,ACT,North America
Wagga,Australia,WGA,South Pacific
Wakkanai,Japan,WKJ,Asia
"Walla Walla, WA",USA,ALW,North America
Wallis,Wallis and Futuna Islands,WLS,South Pacific
Walvis Bay,South Africa,WVB,Africa
Warrnambool,Australia,WMB,South Pacific
Warsaw,Poland,WAW,Europe
Washington DC,USA,BWI,North America
Washington,USA,BWI,North America
Washington DC - Baltimore Washington Int'l,USA,BWI,North America
Dulles,USA,IAD,North America
Washington Dulles,USA,IAD,North America
Washington DC - Dulles Int'l,USA,IAD,North America
Washington DC - Ronald Reagan National,USA,DCA,North America
"Washington, DC",USA,WAS,North America
"Waterloo, IA",USA,ALO,North America
"Watertown, SD",USA,ATY,North America
"Wausau/Stevens Point, WI",USA,CWA,North America
Weipa,Australia,WEI,South Pacific
Welkom,South Africa,WEL,Africa
Wellington,New Zealand,WLG,South Pacific
"Wenatchee, WA",USA,EAT,North America
"West Palm Beach, FL",USA,PBI,North America
"West Yellowstone, MT",USA,WYS,North America
Westerland,Germany,GWT,Europe
Whakatane,New Zealand,WHK,South Pacific
"Whale Cove, NT",Canada,YXN,North America
Whangarei,New Zealand,WRE,South Pacific
"White Plains, NY",USA,HPN,North America
Whitehorse,Canada,YXY,North America
Whitsunday Resort,Australia,HAP,South Pacific
Whyalla,Australia,WYA,South Pacific
"Wichita Falls, TX",USA,SPS,North America
"Wichita, KS",USA,ICT,North America
Wick,United Kingdom,WIC,Europe
Wickham,Australia,WHM,South Pacific
Wien,Austria,VIE,Europe
Vienna,Austria,VIE,Europe
Wien (Vienna) - Vienna Int'l,Austria,VIE,Europe
"Wiesbaden, Air Base",Germany,WIE,Europe
"Wilkes Barre/Scranton, PA",USA,AVP,North America
"Williamsport, PA",USA,IPT,North America
"Williston, ND",USA,ISL,North America
"Wilmington, NC",USA,ILM,North America
Vilnius,Lithuania,VNO,Eastern Europe
Wilna (Vilnius),Lithuania,VNO,Eastern Europe
Wiluna,Australia,WUN,South Pacific
Windhoek - Eros,Namibia,ERS,Africa
Windhoek,Namibia,WDH,Africa
Windhoek - Hosea Kutako Int'l,Namibia,WDH,Africa
Windsor Ontario,Canada,YQG,North America
Winnipeg Int'l,Canada,YWG,North America
"Wolf Point, MT",USA,OLF,North America
Wollongong,Australia,WOL,South Pacific
Woomera,Australia,UMR,South Pacific
"Worcester, MA",USA,ORH,North America
"Worland, WY",USA,WRL,North America
"Wrangell, AK",USA,WRG,North America
Wuhan,"Hubei, China",WUH,Asia
Wyndham,Australia,WYN,South Pacific
Xiamen,"Fujian, China",XMN,Asia
Xi'an,"Shaanxi, China",XIY,Asia
Xi'an - Xianyang,"Shaanxi, China",XIY,Asia
"Yakima, WA",USA,YKM,North America
"Yakutat, AK",USA,YAK,North America
Yakutsk,Russian Federation,YKS,Eastern Europe
"Yamagata, Junmachi",Japan,GAJ,Asia
Yamoussoukro,C�te d'Ivoire (Ivory Coast),ASK,Africa
Yanbu,Saudi Arabia,YNB,Middle East
Yangon,Myanmar (Burma),RGN,Southeast Asia
Yangon (Rangoon) - Mingaladon,Myanmar (Burma),RGN,Southeast Asia
Yaoundé,Cameroon,YAO,Southeast Asia
Yaounde,Cameroon,YAO,Southeast Asia
Yellowknife,Canada,YZF,North America
Yokohama,Japan,YOK,Asia
"Yuma, AZ",USA,YUM,North America
Zacatecas,Mexico,ZCL,North America
Zadar,Croatia (Hrvatska),ZAD,Eastern Europe
Zagreb,Croatia (Hrvatska),ZAG,Eastern Europe
Zagreb - Pleso,Croatia (Hrvatska),ZAG,Eastern Europe
Zakynthos,Greece,ZTH,Europe
Zanzibar,Zanzibar,ZNZ,Africa
Zaporizhia,Ukraine,OZH,Eastern Europe
Zaragoza,Spain,ZAZ,Europe
Zhob,Pakistan,PZH,Middle East
Zinder,Niger,ZND,Africa
Zouerate,Mauritania,OUZ,Africa
Zurich,Switzerland,ZRH,Europe
Zürich,Switzerland,ZRH,Europe
Zurich (Z�rich) - Kloten,Switzerland,ZRH,Europe
